Artist,Date,Venue,Location,Event_Type
Ariana Grande,2023-03-15,Soldier Field,"Chicago, IL, USA",Festival
Ariana Grande,2023-06-18,Gelora Bung Karno Stadium,"Jakarta, Indonesia",Concert
Ariana Grande,2023-02-24,Olympiastadion,"Berlin, Germany",Concert
Ariana Grande,2023-01-17,Lanxess Arena,"Cologne, Germany",Concert
Ariana Grande,2023-12-09,Spark Arena,"Auckland, New Zealand",Festival
Ariana Grande,2023-11-05,Sydney Opera House,"Sydney, Australia",Concert
Ariana Grande,2023-05-13,Red Rocks Amphitheatre,"Morrison, CO, USA",Concert
Ariana Grande,2023-02-27,Tokyo Dome,"Tokyo, Japan",Concert
Ariana Grande,2023-09-16,Etihad Stadium,"Manchester, UK",Concert
Ariana Grande,2023-10-08,Soldier Field,"Chicago, IL, USA",Concert
Ariana Grande,2023-02-10,Arena Ciudad de México,"Mexico City, Mexico",Concert
Ariana Grande,2023-02-18,Tauron Arena,"Kraków, Poland",Concert
Armani White,2023-03-21,Foro Sol,"Mexico City, Mexico",Concert
Armani White,2023-03-10,Ericsson Globe,"Stockholm, Sweden",Concert
Armani White,2023-01-01,The SSE Hydro,"Glasgow, UK",Festival
Armani White,2023-11-26,Tokyo Dome,"Tokyo, Japan",Concert
Armani White,2023-03-13,Palau Sant Jordi,"Barcelona, Spain",Concert
Armani White,2023-04-13,Olympiastadion,"Berlin, Germany",Concert
Armani White,2023-12-07,Mercedes-Benz Superdome,"New Orleans, LA, USA",Concert
Armani White,2023-01-05,Scotiabank Arena,"Toronto, ON, Canada",Concert
Armani White,2023-04-06,Royal Albert Hall,"London, UK",Concert
Armani White,2023-08-02,Etihad Stadium,"Manchester, UK",Festival
Armani White,2023-10-19,Estadio Monumental,"Buenos Aires, Argentina",Festival
Bad Bunny,2023-02-04,Staples Center,"Los Angeles, CA, USA",Concert
Bad Bunny,2023-12-08,Red Rocks Amphitheatre,"Morrison, CO, USA",Concert
Bad Bunny,2023-02-07,The SSE Hydro,"Glasgow, UK",Concert
Bad Bunny,2023-08-17,AccorHotels Arena,"Paris, France",Festival
Bad Bunny,2023-10-19,Madison Square Garden,"New York, NY, USA",Concert
Bad Bunny,2023-11-16,Budokan,"Tokyo, Japan",Concert
Bad Bunny,2023-03-17,Royal Albert Hall,"London, UK",Festival
Bad Bunny,2023-06-30,Sydney Opera House,"Sydney, Australia",Concert
Bailey Zimmerman,2023-01-21,Mercedes-Benz Arena,"Shanghai, China",Festival
Bailey Zimmerman,2023-11-08,Barclays Center,"Brooklyn, NY, USA",Concert
Bailey Zimmerman,2023-03-23,Tokyo Dome,"Tokyo, Japan",Concert
Bailey Zimmerman,2023-10-18,Stade de France,"Saint-Denis, France",Concert
Bailey Zimmerman,2023-07-01,Scotiabank Arena,"Toronto, ON, Canada",Concert
Bailey Zimmerman,2023-02-21,Wembley Stadium,"London, UK",Concert
Bailey Zimmerman,2023-02-02,Arena Ciudad de México,"Mexico City, Mexico",Concert
Bailey Zimmerman,2023-02-09,Etihad Stadium,"Manchester, UK",Concert
Bailey Zimmerman,2023-05-21,Stade de France,"Saint-Denis, France",Concert
Bailey Zimmerman,2023-04-05,AccorHotels Arena,"Paris, France",Festival
Bailey Zimmerman,2023-02-14,Stade de France,"Saint-Denis, France",Concert
Bailey Zimmerman,2023-08-25,Ziggo Dome,"Amsterdam, Netherlands",Concert
Billie Eilish,2023-09-06,Ziggo Dome,"Amsterdam, Netherlands",Concert
Billie Eilish,2023-11-21,The SSE Hydro,"Glasgow, UK",Festival
Billie Eilish,2023-10-27,Mall of Asia Arena,"Manila, Philippines",Concert
Billie Eilish,2023-04-24,Mercedes-Benz Superdome,"New Orleans, LA, USA",Festival
Billie Eilish,2023-10-14,Mercedes-Benz Arena,"Shanghai, China",Concert
Billie Eilish,2023-08-09,Ziggo Dome,"Amsterdam, Netherlands",Concert
Billie Eilish,2023-06-28,Lanxess Arena,"Cologne, Germany",Concert
Billie Eilish,2023-01-05,Arena Ciudad de México,"Mexico City, Mexico",Concert
Billie Eilish,2023-11-20,Rod Laver Arena,"Melbourne, Australia",Concert
Billie Eilish,2023-03-15,Royal Albert Hall,"London, UK",Concert
Billie Eilish,2023-05-07,Lanxess Arena,"Cologne, Germany",Concert
Brenda Lee,2023-08-02,Ericsson Globe,"Stockholm, Sweden",Festival
Brenda Lee,2023-08-11,Arena Ciudad de México,"Mexico City, Mexico",Concert
Brenda Lee,2023-07-24,Stade de France,"Saint-Denis, France",Festival
Brenda Lee,2023-02-24,Mall of Asia Arena,"Manila, Philippines",Concert
Brenda Lee,2023-02-22,Staples Center,"Los Angeles, CA, USA",Concert
Brenda Lee,2023-06-04,3Arena,"Dublin, Ireland",Festival
Brenda Lee,2023-10-01,Tauron Arena,"Kraków, Poland",Concert
Brenda Lee,2023-02-08,Spark Arena,"Auckland, New Zealand",Concert
Brenda Lee,2023-07-08,Rogers Centre,"Toronto, ON, Canada",Concert
Brenda Lee,2023-06-10,Hollywood Bowl,"Los Angeles, CA, USA",Concert
Brenda Lee,2023-07-08,Ericsson Globe,"Stockholm, Sweden",Festival
Brenda Lee,2023-04-01,Ericsson Globe,"Stockholm, Sweden",Concert
Brenda Lee,2023-08-20,Taipei Arena,"Taipei, Taiwan",Festival
Brenda Lee,2023-02-15,Mercedes-Benz Arena,"Shanghai, China",Festival
Brenda Lee,2023-06-23,Staples Center,"Los Angeles, CA, USA",Concert
Brett Young,2023-06-24,Maracanã Stadium,"Rio de Janeiro, Brazil",Festival
Brett Young,2023-03-28,O2 Arena,"London, UK",Concert
Brett Young,2023-04-19,Budokan,"Tokyo, Japan",Concert
Brett Young,2023-05-01,Rod Laver Arena,"Melbourne, Australia",Concert
Brett Young,2023-06-22,Hallenstadion,"Zurich, Switzerland",Concert
Brett Young,2023-05-31,Foro Sol,"Mexico City, Mexico",Festival
Brett Young,2023-09-27,O2 Arena,"London, UK",Concert
Brett Young,2023-09-12,3Arena,"Dublin, Ireland",Concert
Brett Young,2023-09-03,Mercedes-Benz Arena,"Shanghai, China",Concert
Brett Young,2023-09-14,Hollywood Bowl,"Los Angeles, CA, USA",Concert
Brett Young,2023-02-21,Red Rocks Amphitheatre,"Morrison, CO, USA",Festival
Burna Boy,2023-05-11,Soldier Field,"Chicago, IL, USA",Festival
Burna Boy,2023-08-02,Red Rocks Amphitheatre,"Morrison, CO, USA",Concert
Burna Boy,2023-12-08,The SSE Hydro,"Glasgow, UK",Festival
Carly Pearce,2023-03-19,Red Rocks Amphitheatre,"Morrison, CO, USA",Concert
Carly Pearce,2023-02-17,Budokan,"Tokyo, Japan",Concert
Carly Pearce,2023-03-21,Madison Square Garden,"New York, NY, USA",Concert
Chris Brown,2023-11-15,Mercedes-Benz Superdome,"New Orleans, LA, USA",Festival
Chris Brown,2023-12-08,Staples Center,"Los Angeles, CA, USA",Concert
Chris Brown,2023-10-22,Budokan,"Tokyo, Japan",Concert
Chris Brown,2023-06-02,O2 Arena,"London, UK",Concert
Chris Stapleton,2023-02-09,Budokan,"Tokyo, Japan",Festival
Chris Stapleton,2023-10-31,Mall of Asia Arena,"Manila, Philippines",Concert
Chris Stapleton,2023-01-16,Madison Square Garden,"New York, NY, USA",Concert
Chris Stapleton,2023-01-13,Scotiabank Arena,"Toronto, ON, Canada",Concert
Chris Stapleton,2023-11-23,Gelora Bung Karno Stadium,"Jakarta, Indonesia",Concert
Chris Stapleton,2023-01-31,Hallenstadion,"Zurich, Switzerland",Concert
Chris Stapleton,2023-05-12,Mercedes-Benz Arena,"Shanghai, China",Concert
Chris Stapleton,2023-01-29,Mercedes-Benz Arena,"Shanghai, China",Concert
Chris Stapleton,2023-10-23,Budokan,"Tokyo, Japan",Concert
Chris Stapleton,2023-12-04,Etihad Stadium,"Manchester, UK",Concert
Chris Stapleton,2023-07-19,Staples Center,"Los Angeles, CA, USA",Concert
Chuck Berry,2023-06-11,Stade de France,"Saint-Denis, France",Festival
Chuck Berry,2023-12-30,Red Rocks Amphitheatre,"Morrison, CO, USA",Concert
Chuck Berry,2023-01-07,Foro Sol,"Mexico City, Mexico",Concert
Chuck Berry,2023-09-26,The O2,"London, UK",Concert
Chuck Berry,2023-08-07,The SSE Hydro,"Glasgow, UK",Concert
Chuck Berry,2023-06-03,Taipei Arena,"Taipei, Taiwan",Festival
Chuck Berry,2023-02-26,The O2,"London, UK",Concert
Chuck Berry,2023-09-05,Allianz Parque,"São Paulo, Brazil",Festival
Chuck Berry,2023-04-17,Lanxess Arena,"Cologne, Germany",Concert
Chuck Berry,2023-04-09,AccorHotels Arena,"Paris, France",Festival
Chuck Berry,2023-10-08,Soldier Field,"Chicago, IL, USA",Concert
Cody Johnson,2023-02-02,Soldier Field,"Chicago, IL, USA",Concert
Cody Johnson,2023-11-15,Mercedes-Benz Arena,"Shanghai, China",Concert
Cody Johnson,2023-12-08,AccorHotels Arena,"Paris, France",Concert
Cody Johnson,2023-09-10,Gelora Bung Karno Stadium,"Jakarta, Indonesia",Festival
Cody Johnson,2023-04-30,Soldier Field,"Chicago, IL, USA",Concert
Cody Johnson,2023-10-06,Tauron Arena,"Kraków, Poland",Concert
Cody Johnson,2023-12-11,The SSE Hydro,"Glasgow, UK",Concert
Cody Johnson,2023-12-24,Royal Albert Hall,"London, UK",Concert
Cody Johnson,2023-11-06,Rogers Centre,"Toronto, ON, Canada",Concert
Cody Johnson,2023-10-24,The Colosseum at Caesars Palace,"Las Vegas, NV, USA",Festival
Cody Johnson,2023-06-27,The O2,"London, UK",Festival
Cody Johnson,2023-12-22,Red Rocks Amphitheatre,"Morrison, CO, USA",Concert
Cody Johnson,2023-07-24,Stade de France,"Saint-Denis, France",Concert
Cole Swindell,2023-01-04,Olympiastadion,"Berlin, Germany",Concert
Cole Swindell,2023-04-03,AccorHotels Arena,"Paris, France",Concert
Cole Swindell,2023-07-15,The Colosseum at Caesars Palace,"Las Vegas, NV, USA",Concert
Cole Swindell,2023-01-12,Rod Laver Arena,"Melbourne, Australia",Concert
Cole Swindell,2023-01-03,Maracanã Stadium,"Rio de Janeiro, Brazil",Festival
Cole Swindell,2023-12-28,Taipei Arena,"Taipei, Taiwan",Concert
Cole Swindell,2023-08-17,Barclays Center,"Brooklyn, NY, USA",Festival
Cole Swindell,2023-12-14,Budokan,"Tokyo, Japan",Concert
Cole Swindell,2023-08-29,AccorHotels Arena,"Paris, France",Festival
Cole Swindell,2023-07-22,Staples Center,"Los Angeles, CA, USA",Concert
Cole Swindell,2023-05-16,Staples Center,"Los Angeles, CA, USA",Concert
Cole Swindell,2023-07-03,The Colosseum at Caesars Palace,"Las Vegas, NV, USA",Festival
DaBaby,2023-10-25,Staples Center,"Los Angeles, CA, USA",Concert
DaBaby,2023-11-22,Barclays Center,"Brooklyn, NY, USA",Concert
DaBaby,2023-03-23,The Colosseum at Caesars Palace,"Las Vegas, NV, USA",Concert
DaBaby,2023-03-16,Wembley Stadium,"London, UK",Concert
DaBaby,2023-01-02,Soldier Field,"Chicago, IL, USA",Concert
DaBaby,2023-09-24,Spark Arena,"Auckland, New Zealand",Concert
DaBaby,2023-05-05,Lanxess Arena,"Cologne, Germany",Festival
DaBaby,2023-05-09,Arena Ciudad de México,"Mexico City, Mexico",Festival
DaBaby,2023-08-17,Red Rocks Amphitheatre,"Morrison, CO, USA",Festival
DaBaby,2023-03-21,Estadio Monumental,"Buenos Aires, Argentina",Concert
DaBaby,2023-11-07,Gelora Bung Karno Stadium,"Jakarta, Indonesia",Concert
DaBaby,2023-05-06,Etihad Stadium,"Manchester, UK",Festival
DaBaby,2023-08-23,Etihad Stadium,"Manchester, UK",Festival
Dan + Shay,2023-11-22,Olympiastadion,"Berlin, Germany",Concert
Dan + Shay,2023-04-23,Budokan,"Tokyo, Japan",Concert
Dan + Shay,2023-04-23,Lanxess Arena,"Cologne, Germany",Concert
Dan + Shay,2023-07-21,Rod Laver Arena,"Melbourne, Australia",Concert
Dan + Shay,2023-11-09,Taipei Arena,"Taipei, Taiwan",Concert
Dan + Shay,2023-09-08,Tauron Arena,"Kraków, Poland",Concert
Dan + Shay,2023-07-19,The Colosseum at Caesars Palace,"Las Vegas, NV, USA",Concert
Dan + Shay,2023-06-11,Olympiastadion,"Berlin, Germany",Concert
Dan + Shay,2023-06-10,Arena Ciudad de México,"Mexico City, Mexico",Concert
Dan + Shay,2023-09-16,Stade de France,"Saint-Denis, France",Concert
Dan + Shay,2023-06-18,Budokan,"Tokyo, Japan",Concert
Dan + Shay,2023-04-01,Allianz Parque,"São Paulo, Brazil",Festival
Dan + Shay,2023-11-18,Barclays Center,"Brooklyn, NY, USA",Concert
David Kushner,2023-09-22,Mall of Asia Arena,"Manila, Philippines",Concert
David Kushner,2023-11-17,Lanxess Arena,"Cologne, Germany",Concert
David Kushner,2023-10-14,Arena Ciudad de México,"Mexico City, Mexico",Concert
David Kushner,2023-02-26,AccorHotels Arena,"Paris, France",Concert
David Kushner,2023-10-26,Tokyo Dome,"Tokyo, Japan",Concert
David Kushner,2023-03-12,Budokan,"Tokyo, Japan",Concert
David Kushner,2023-08-03,Tauron Arena,"Kraków, Poland",Concert
David Kushner,2023-12-09,Estadio Monumental,"Buenos Aires, Argentina",Festival
David Kushner,2023-09-11,Arena Ciudad de México,"Mexico City, Mexico",Festival
David Kushner,2023-05-06,Sydney Opera House,"Sydney, Australia",Festival
David Kushner,2023-09-17,Hallenstadion,"Zurich, Switzerland",Concert
Dean Martin,2023-03-20,Sydney Opera House,"Sydney, Australia",Concert
Dean Martin,2023-01-19,Stade de France,"Saint-Denis, France",Concert
Dean Martin,2023-07-20,Hollywood Bowl,"Los Angeles, CA, USA",Concert
Dean Martin,2023-11-19,Taipei Arena,"Taipei, Taiwan",Concert
Dierks Bentley,2023-01-19,O2 Arena,"London, UK",Concert
Dierks Bentley,2023-08-11,Olympiastadion,"Berlin, Germany",Concert
Dierks Bentley,2023-08-03,Barclays Center,"Brooklyn, NY, USA",Concert
Dierks Bentley,2023-12-28,Mercedes-Benz Superdome,"New Orleans, LA, USA",Concert
Dierks Bentley,2023-02-20,Royal Albert Hall,"London, UK",Concert
Dierks Bentley,2023-10-27,3Arena,"Dublin, Ireland",Concert
Dierks Bentley,2023-09-30,Foro Sol,"Mexico City, Mexico",Concert
Dierks Bentley,2023-03-13,Wembley Stadium,"London, UK",Concert
Dierks Bentley,2023-04-25,O2 Arena,"London, UK",Festival
Dierks Bentley,2023-09-03,Ziggo Dome,"Amsterdam, Netherlands",Concert
Dierks Bentley,2023-03-31,AccorHotels Arena,"Paris, France",Concert
Dierks Bentley,2023-08-21,Hollywood Bowl,"Los Angeles, CA, USA",Festival
Dierks Bentley,2023-06-02,Taipei Arena,"Taipei, Taiwan",Concert
Dierks Bentley,2023-09-16,Sydney Opera House,"Sydney, Australia",Concert
Doja Cat,2023-07-03,Staples Center,"Los Angeles, CA, USA",Concert
Doja Cat,2023-02-12,Tauron Arena,"Kraków, Poland",Festival
Doja Cat,2023-03-18,Wembley Stadium,"London, UK",Concert
Doja Cat,2023-12-19,Rogers Centre,"Toronto, ON, Canada",Festival
Doja Cat,2023-10-04,The Colosseum at Caesars Palace,"Las Vegas, NV, USA",Concert
Doja Cat,2023-10-08,Allianz Parque,"São Paulo, Brazil",Concert
Doja Cat,2023-01-22,AccorHotels Arena,"Paris, France",Festival
Donny Hathaway,2023-07-13,Foro Sol,"Mexico City, Mexico",Concert
Donny Hathaway,2023-03-23,Mercedes-Benz Arena,"Shanghai, China",Concert
Donny Hathaway,2023-11-13,The Colosseum at Caesars Palace,"Las Vegas, NV, USA",Concert
Donny Hathaway,2023-03-21,Allianz Parque,"São Paulo, Brazil",Festival
Donny Hathaway,2023-01-26,Estadio Monumental,"Buenos Aires, Argentina",Concert
Donny Hathaway,2023-06-06,Barclays Center,"Brooklyn, NY, USA",Concert
Donny Hathaway,2023-11-15,The O2,"London, UK",Concert
Donny Hathaway,2023-05-28,Ericsson Globe,"Stockholm, Sweden",Concert
Donny Hathaway,2023-02-19,Scotiabank Arena,"Toronto, ON, Canada",Festival
Donny Hathaway,2023-07-21,Rogers Centre,"Toronto, ON, Canada",Festival
Donny Hathaway,2023-04-22,Lanxess Arena,"Cologne, Germany",Concert
Donny Hathaway,2023-02-20,Maracanã Stadium,"Rio de Janeiro, Brazil",Concert
Donny Hathaway,2023-07-12,Arena Ciudad de México,"Mexico City, Mexico",Concert
Donny Hathaway,2023-03-12,Scotiabank Arena,"Toronto, ON, Canada",Festival
Drake,2023-07-11,Gelora Bung Karno Stadium,"Jakarta, Indonesia",Concert
Drake,2023-12-13,Arena Ciudad de México,"Mexico City, Mexico",Concert
Drake,2023-08-07,Etihad Stadium,"Manchester, UK",Concert
Drake,2023-02-18,Stade de France,"Saint-Denis, France",Concert
Drake,2023-10-22,Olympiastadion,"Berlin, Germany",Concert
Drake,2023-06-20,Taipei Arena,"Taipei, Taiwan",Concert
Drake,2023-10-23,Madison Square Garden,"New York, NY, USA",Concert
Drake,2023-10-28,Staples Center,"Los Angeles, CA, USA",Concert
Drake,2023-03-12,Soldier Field,"Chicago, IL, USA",Concert
Dua Lipa,2023-02-04,Estadio Monumental,"Buenos Aires, Argentina",Festival
Dua Lipa,2023-11-16,The O2,"London, UK",Concert
Dua Lipa,2023-08-31,Wembley Stadium,"London, UK",Concert
Dua Lipa,2023-10-28,Spark Arena,"Auckland, New Zealand",Concert
Dua Lipa,2023-06-05,Wembley Stadium,"London, UK",Concert
Dua Lipa,2023-03-10,Soldier Field,"Chicago, IL, USA",Festival
Dua Lipa,2023-02-24,The O2,"London, UK",Concert
Dua Lipa,2023-04-13,Arena Ciudad de México,"Mexico City, Mexico",Festival
Eagles,2023-02-05,Gelora Bung Karno Stadium,"Jakarta, Indonesia",Concert
Eagles,2023-02-25,Soldier Field,"Chicago, IL, USA",Concert
Eagles,2023-11-10,O2 Arena,"London, UK",Festival
Ed Sheeran,2023-01-05,Tokyo Dome,"Tokyo, Japan",Concert
Ed Sheeran,2023-06-14,Maracanã Stadium,"Rio de Janeiro, Brazil",Concert
Ed Sheeran,2023-04-25,Rod Laver Arena,"Melbourne, Australia",Concert
Ed Sheeran,2023-10-20,Mercedes-Benz Arena,"Shanghai, China",Concert
Ed Sheeran,2023-01-03,The O2,"London, UK",Concert
Ed Sheeran,2023-05-28,AccorHotels Arena,"Paris, France",Concert
Ed Sheeran,2023-10-29,3Arena,"Dublin, Ireland",Concert
Ed Sheeran,2023-05-28,Staples Center,"Los Angeles, CA, USA",Concert
Ed Sheeran,2023-11-20,AccorHotels Arena,"Paris, France",Concert
Ed Sheeran,2023-03-03,Etihad Stadium,"Manchester, UK",Festival
Ed Sheeran,2023-06-03,Mall of Asia Arena,"Manila, Philippines",Concert
Ed Sheeran,2023-08-08,Stade de France,"Saint-Denis, France",Concert
Ed Sheeran,2023-04-21,Mercedes-Benz Arena,"Shanghai, China",Concert
Elvis Presley,2023-10-31,Rogers Centre,"Toronto, ON, Canada",Concert
Elvis Presley,2023-02-09,3Arena,"Dublin, Ireland",Festival
Elvis Presley,2023-04-07,Maracanã Stadium,"Rio de Janeiro, Brazil",Festival
Elvis Presley,2023-05-05,Tauron Arena,"Kraków, Poland",Concert
Elvis Presley,2023-07-02,Hallenstadion,"Zurich, Switzerland",Concert
Elvis Presley,2023-11-06,Rod Laver Arena,"Melbourne, Australia",Concert
Elvis Presley,2023-02-05,Rogers Centre,"Toronto, ON, Canada",Concert
Elvis Presley,2023-07-13,Maracanã Stadium,"Rio de Janeiro, Brazil",Concert
Elvis Presley,2023-10-15,Allianz Parque,"São Paulo, Brazil",Concert
Elvis Presley,2023-05-01,Rod Laver Arena,"Melbourne, Australia",Concert
Elvis Presley,2023-01-21,Gelora Bung Karno Stadium,"Jakarta, Indonesia",Festival
Elvis Presley,2023-01-02,Hollywood Bowl,"Los Angeles, CA, USA",Concert
Elvis Presley,2023-12-03,Gelora Bung Karno Stadium,"Jakarta, Indonesia",Festival
Falling In Reverse,2023-10-15,O2 Arena,"London, UK",Festival
Falling In Reverse,2023-06-24,Hallenstadion,"Zurich, Switzerland",Concert
Falling In Reverse,2023-02-14,Hollywood Bowl,"Los Angeles, CA, USA",Festival
Falling In Reverse,2023-09-03,Maracanã Stadium,"Rio de Janeiro, Brazil",Concert
Falling In Reverse,2023-11-17,Rogers Centre,"Toronto, ON, Canada",Festival
Falling In Reverse,2023-11-01,Mercedes-Benz Superdome,"New Orleans, LA, USA",Festival
Falling In Reverse,2023-12-14,Ziggo Dome,"Amsterdam, Netherlands",Concert
Falling In Reverse,2023-08-01,The O2,"London, UK",Concert
Falling In Reverse,2023-12-23,Wembley Stadium,"London, UK",Festival
Falling In Reverse,2023-06-05,3Arena,"Dublin, Ireland",Concert
Future,2023-04-07,Hallenstadion,"Zurich, Switzerland",Concert
Future,2023-05-20,Arena Ciudad de México,"Mexico City, Mexico",Concert
Future,2023-02-08,Hallenstadion,"Zurich, Switzerland",Concert
Future,2023-10-15,Barclays Center,"Brooklyn, NY, USA",Festival
Future,2023-07-20,Spark Arena,"Auckland, New Zealand",Festival
Gabby Barrett,2023-03-13,Estadio Monumental,"Buenos Aires, Argentina",Concert
Gabby Barrett,2023-11-25,The O2,"London, UK",Concert
Gabby Barrett,2023-05-28,The O2,"London, UK",Concert
Gabby Barrett,2023-12-09,Ziggo Dome,"Amsterdam, Netherlands",Concert
Gabby Barrett,2023-05-16,Tauron Arena,"Kraków, Poland",Concert
Gabby Barrett,2023-04-21,The Colosseum at Caesars Palace,"Las Vegas, NV, USA",Festival
Gabby Barrett,2023-09-16,Spark Arena,"Auckland, New Zealand",Concert
Gabby Barrett,2023-07-14,Tauron Arena,"Kraków, Poland",Festival
Gabby Barrett,2023-06-23,Tokyo Dome,"Tokyo, Japan",Concert
Gabby Barrett,2023-04-25,The SSE Hydro,"Glasgow, UK",Concert
Gabby Barrett,2023-12-14,Ericsson Globe,"Stockholm, Sweden",Concert
Gabby Barrett,2023-04-29,Hollywood Bowl,"Los Angeles, CA, USA",Concert
Gabby Barrett,2023-10-27,O2 Arena,"London, UK",Concert
Gabby Barrett,2023-01-17,Scotiabank Arena,"Toronto, ON, Canada",Concert
Gunna,2023-07-18,Mall of Asia Arena,"Manila, Philippines",Concert
Gunna,2023-03-22,Budokan,"Tokyo, Japan",Concert
Gunna,2023-04-11,Rod Laver Arena,"Melbourne, Australia",Concert
Gunna,2023-05-28,Red Rocks Amphitheatre,"Morrison, CO, USA",Concert
Gunna,2023-11-25,Rogers Centre,"Toronto, ON, Canada",Festival
Gunna,2023-01-08,The Colosseum at Caesars Palace,"Las Vegas, NV, USA",Concert
Gunna,2023-07-21,Etihad Stadium,"Manchester, UK",Festival
Gunna,2023-09-05,Ericsson Globe,"Stockholm, Sweden",Concert
Gunna,2023-05-22,Palau Sant Jordi,"Barcelona, Spain",Concert
Gunna,2023-05-07,AccorHotels Arena,"Paris, France",Concert
Gunna,2023-08-22,Tauron Arena,"Kraków, Poland",Concert
Gunna,2023-06-10,Taipei Arena,"Taipei, Taiwan",Festival
Gunna,2023-08-23,Staples Center,"Los Angeles, CA, USA",Concert
Halsey,2023-12-02,O2 Arena,"London, UK",Concert
Halsey,2023-12-03,Budokan,"Tokyo, Japan",Festival
Halsey,2023-06-05,Ziggo Dome,"Amsterdam, Netherlands",Concert
Halsey,2023-07-23,Budokan,"Tokyo, Japan",Concert
Halsey,2023-11-20,Soldier Field,"Chicago, IL, USA",Concert
Halsey,2023-11-06,Wembley Stadium,"London, UK",Festival
Halsey,2023-04-07,Stade de France,"Saint-Denis, France",Concert
Halsey,2023-03-31,Etihad Stadium,"Manchester, UK",Festival
Halsey,2023-06-17,Rogers Centre,"Toronto, ON, Canada",Concert
Halsey,2023-07-08,Lanxess Arena,"Cologne, Germany",Concert
Halsey,2023-11-06,Royal Albert Hall,"London, UK",Concert
Halsey,2023-06-04,Spark Arena,"Auckland, New Zealand",Festival
Halsey,2023-07-18,Mall of Asia Arena,"Manila, Philippines",Concert
Halsey,2023-04-08,Mercedes-Benz Superdome,"New Orleans, LA, USA",Concert
Harry Styles,2023-05-21,Spark Arena,"Auckland, New Zealand",Festival
Harry Styles,2023-05-23,Mall of Asia Arena,"Manila, Philippines",Festival
Harry Styles,2023-09-28,The Colosseum at Caesars Palace,"Las Vegas, NV, USA",Concert
Harry Styles,2023-07-18,Budokan,"Tokyo, Japan",Festival
Harry Styles,2023-06-20,The Colosseum at Caesars Palace,"Las Vegas, NV, USA",Concert
Harry Styles,2023-09-09,Budokan,"Tokyo, Japan",Concert
Harry Styles,2023-06-05,Barclays Center,"Brooklyn, NY, USA",Concert
Harry Styles,2023-06-28,The O2,"London, UK",Festival
Harry Styles,2023-09-25,Wembley Stadium,"London, UK",Concert
Harry Styles,2023-09-17,Red Rocks Amphitheatre,"Morrison, CO, USA",Concert
Harry Styles,2023-08-02,Scotiabank Arena,"Toronto, ON, Canada",Concert
Harry Styles,2023-06-09,The O2,"London, UK",Concert
Harry Styles,2023-02-10,Barclays Center,"Brooklyn, NY, USA",Concert
Harry Styles,2023-02-28,The O2,"London, UK",Concert
Hozier,2023-12-10,Barclays Center,"Brooklyn, NY, USA",Concert
Hozier,2023-03-11,Budokan,"Tokyo, Japan",Concert
Hozier,2023-10-02,Arena Ciudad de México,"Mexico City, Mexico",Concert
Hozier,2023-07-09,Hallenstadion,"Zurich, Switzerland",Concert
Hozier,2023-03-29,Hollywood Bowl,"Los Angeles, CA, USA",Festival
Hozier,2023-12-10,Tokyo Dome,"Tokyo, Japan",Concert
Hozier,2023-02-13,Madison Square Garden,"New York, NY, USA",Concert
Hozier,2023-07-28,Rod Laver Arena,"Melbourne, Australia",Concert
JVKE,2023-07-12,Palau Sant Jordi,"Barcelona, Spain",Concert
JVKE,2023-12-20,Estadio Monumental,"Buenos Aires, Argentina",Concert
JVKE,2023-11-26,Ziggo Dome,"Amsterdam, Netherlands",Concert
JVKE,2023-10-13,Taipei Arena,"Taipei, Taiwan",Concert
JVKE,2023-08-08,Lanxess Arena,"Cologne, Germany",Concert
Jack Harlow,2023-12-29,Ericsson Globe,"Stockholm, Sweden",Concert
Jack Harlow,2023-10-14,Royal Albert Hall,"London, UK",Festival
Jack Harlow,2023-10-12,Gelora Bung Karno Stadium,"Jakarta, Indonesia",Concert
Jack Harlow,2023-08-31,Royal Albert Hall,"London, UK",Concert
Jack Harlow,2023-02-20,Rod Laver Arena,"Melbourne, Australia",Concert
Jack Harlow,2023-02-16,The O2,"London, UK",Concert
Jack Harlow,2023-03-22,Madison Square Garden,"New York, NY, USA",Concert
Jack Harlow,2023-06-29,Scotiabank Arena,"Toronto, ON, Canada",Concert
Jason Aldean,2023-06-23,Ericsson Globe,"Stockholm, Sweden",Concert
Jason Aldean,2023-10-05,Wembley Stadium,"London, UK",Concert
Jason Aldean,2023-04-18,Lanxess Arena,"Cologne, Germany",Concert
Jason Aldean,2023-08-04,Hollywood Bowl,"Los Angeles, CA, USA",Concert
Jason Aldean,2023-04-01,Mercedes-Benz Superdome,"New Orleans, LA, USA",Concert
Jax,2023-08-10,Soldier Field,"Chicago, IL, USA",Concert
Jax,2023-10-25,Spark Arena,"Auckland, New Zealand",Concert
Jax,2023-10-04,Maracanã Stadium,"Rio de Janeiro, Brazil",Concert
Jax,2023-01-12,Maracanã Stadium,"Rio de Janeiro, Brazil",Festival
Jax,2023-08-20,Staples Center,"Los Angeles, CA, USA",Concert
Jax,2023-01-31,Palau Sant Jordi,"Barcelona, Spain",Concert
Jax,2023-08-14,AccorHotels Arena,"Paris, France",Concert
Jax,2023-05-20,Etihad Stadium,"Manchester, UK",Concert
Jax,2023-05-31,The SSE Hydro,"Glasgow, UK",Concert
Jax,2023-11-02,3Arena,"Dublin, Ireland",Concert
Jax,2023-05-21,Gelora Bung Karno Stadium,"Jakarta, Indonesia",Festival
Jax,2023-07-02,Allianz Parque,"São Paulo, Brazil",Concert
Jax,2023-04-05,Sydney Opera House,"Sydney, Australia",Festival
Jimmy Buffett,2023-06-05,Budokan,"Tokyo, Japan",Festival
Jimmy Buffett,2023-11-08,Allianz Parque,"São Paulo, Brazil",Concert
Jimmy Buffett,2023-12-22,Ericsson Globe,"Stockholm, Sweden",Concert
Jimmy Buffett,2023-11-19,Rogers Centre,"Toronto, ON, Canada",Festival
Jimmy Buffett,2023-03-17,3Arena,"Dublin, Ireland",Concert
Jimmy Buffett,2023-07-06,Gelora Bung Karno Stadium,"Jakarta, Indonesia",Concert
Jimmy Buffett,2023-07-20,Sydney Opera House,"Sydney, Australia",Concert
Jimmy Buffett,2023-08-13,Spark Arena,"Auckland, New Zealand",Concert
Jimmy Buffett,2023-10-04,Madison Square Garden,"New York, NY, USA",Concert
Jimmy Buffett,2023-01-11,Rogers Centre,"Toronto, ON, Canada",Concert
Jimmy Buffett,2023-04-10,AccorHotels Arena,"Paris, France",Concert
Jon Pardi,2023-08-28,Arena Ciudad de México,"Mexico City, Mexico",Festival
Jon Pardi,2023-03-25,The O2,"London, UK",Concert
Jon Pardi,2023-09-24,Madison Square Garden,"New York, NY, USA",Concert
Jon Pardi,2023-05-24,The O2,"London, UK",Concert
Jon Pardi,2023-05-14,Gelora Bung Karno Stadium,"Jakarta, Indonesia",Concert
Jonas Brothers,2023-09-17,Ericsson Globe,"Stockholm, Sweden",Concert
Jonas Brothers,2023-04-19,Mercedes-Benz Arena,"Shanghai, China",Festival
Jonas Brothers,2023-09-05,Red Rocks Amphitheatre,"Morrison, CO, USA",Festival
Jonas Brothers,2023-07-20,3Arena,"Dublin, Ireland",Concert
Jonas Brothers,2023-09-21,Ziggo Dome,"Amsterdam, Netherlands",Concert
Jonas Brothers,2023-07-15,Sydney Opera House,"Sydney, Australia",Concert
Jonas Brothers,2023-07-19,Soldier Field,"Chicago, IL, USA",Concert
Jonas Brothers,2023-05-09,Wembley Stadium,"London, UK",Concert
Jonas Brothers,2023-08-31,Sydney Opera House,"Sydney, Australia",Concert
Jonas Brothers,2023-04-07,Hallenstadion,"Zurich, Switzerland",Concert
Jonas Brothers,2023-04-27,Taipei Arena,"Taipei, Taiwan",Festival
Jordan Davis,2023-06-23,Sydney Opera House,"Sydney, Australia",Festival
Jordan Davis,2023-08-23,Tokyo Dome,"Tokyo, Japan",Festival
Jordan Davis,2023-03-05,Soldier Field,"Chicago, IL, USA",Concert
Jordan Davis,2023-12-18,Scotiabank Arena,"Toronto, ON, Canada",Concert
Jordan Davis,2023-06-19,Staples Center,"Los Angeles, CA, USA",Concert
Jordan Davis,2023-10-11,The Colosseum at Caesars Palace,"Las Vegas, NV, USA",Concert
Jordan Davis,2023-11-15,Rod Laver Arena,"Melbourne, Australia",Concert
Jordan Davis,2023-09-29,Maracanã Stadium,"Rio de Janeiro, Brazil",Concert
Jordan Davis,2023-04-11,Gelora Bung Karno Stadium,"Jakarta, Indonesia",Concert
Jordan Davis,2023-08-12,Mall of Asia Arena,"Manila, Philippines",Concert
Jordan Davis,2023-01-29,3Arena,"Dublin, Ireland",Festival
Jordan Davis,2023-01-24,Madison Square Garden,"New York, NY, USA",Concert
Jordan Davis,2023-03-10,Red Rocks Amphitheatre,"Morrison, CO, USA",Festival
Jordan Davis,2023-10-11,Mercedes-Benz Arena,"Shanghai, China",Concert
Kane Brown,2023-03-02,Estadio Monumental,"Buenos Aires, Argentina",Concert
Kane Brown,2023-08-06,Wembley Stadium,"London, UK",Concert
Kane Brown,2023-02-27,Staples Center,"Los Angeles, CA, USA",Concert
Kane Brown,2023-12-19,The SSE Hydro,"Glasgow, UK",Concert
Kane Brown,2023-02-02,Maracanã Stadium,"Rio de Janeiro, Brazil",Concert
Kane Brown,2023-05-22,Maracanã Stadium,"Rio de Janeiro, Brazil",Concert
Kane Brown,2023-02-26,Red Rocks Amphitheatre,"Morrison, CO, USA",Concert
Kane Brown,2023-11-03,Madison Square Garden,"New York, NY, USA",Concert
Kane Brown,2023-06-01,Ziggo Dome,"Amsterdam, Netherlands",Concert
Kane Brown,2023-11-27,Gelora Bung Karno Stadium,"Jakarta, Indonesia",Concert
Kane Brown,2023-05-26,Hallenstadion,"Zurich, Switzerland",Festival
Kane Brown,2023-08-13,Budokan,"Tokyo, Japan",Concert
Kane Brown,2023-01-19,Rod Laver Arena,"Melbourne, Australia",Concert
Kane Brown,2023-06-01,Maracanã Stadium,"Rio de Janeiro, Brazil",Festival
Labrinth,2023-06-30,Budokan,"Tokyo, Japan",Concert
Labrinth,2023-12-24,Hallenstadion,"Zurich, Switzerland",Concert
Labrinth,2023-08-02,Taipei Arena,"Taipei, Taiwan",Festival
Labrinth,2023-04-26,Red Rocks Amphitheatre,"Morrison, CO, USA",Concert
Labrinth,2023-01-01,Rogers Centre,"Toronto, ON, Canada",Concert
Lady Gaga,2023-03-17,Hollywood Bowl,"Los Angeles, CA, USA",Festival
Lady Gaga,2023-05-28,Red Rocks Amphitheatre,"Morrison, CO, USA",Concert
Lady Gaga,2023-01-03,Red Rocks Amphitheatre,"Morrison, CO, USA",Festival
Lauren Spencer Smith,2023-05-15,The SSE Hydro,"Glasgow, UK",Concert
Lauren Spencer Smith,2023-08-11,The Colosseum at Caesars Palace,"Las Vegas, NV, USA",Concert
Lauren Spencer Smith,2023-03-24,Hollywood Bowl,"Los Angeles, CA, USA",Concert
Lauren Spencer Smith,2023-11-05,Mercedes-Benz Superdome,"New Orleans, LA, USA",Concert
Lauren Spencer Smith,2023-05-15,Spark Arena,"Auckland, New Zealand",Concert
Lauren Spencer Smith,2023-11-12,Red Rocks Amphitheatre,"Morrison, CO, USA",Concert
Lauren Spencer Smith,2023-03-19,O2 Arena,"London, UK",Festival
Lauren Spencer Smith,2023-06-01,Wembley Stadium,"London, UK",Concert
Lauren Spencer Smith,2023-12-09,Allianz Parque,"São Paulo, Brazil",Concert
Lauren Spencer Smith,2023-06-12,Maracanã Stadium,"Rio de Janeiro, Brazil",Concert
Lewis Capaldi,2023-04-20,Hallenstadion,"Zurich, Switzerland",Concert
Lewis Capaldi,2023-07-15,Sydney Opera House,"Sydney, Australia",Concert
Lewis Capaldi,2023-07-01,Hallenstadion,"Zurich, Switzerland",Concert
Lewis Capaldi,2023-11-27,Tokyo Dome,"Tokyo, Japan",Festival
Lewis Capaldi,2023-09-02,Gelora Bung Karno Stadium,"Jakarta, Indonesia",Concert
Lil Baby,2023-10-09,Wembley Stadium,"London, UK",Concert
Lil Baby,2023-08-27,The O2,"London, UK",Festival
Lil Baby,2023-12-07,Hallenstadion,"Zurich, Switzerland",Concert
Lil Baby,2023-01-08,Olympiastadion,"Berlin, Germany",Festival
Lil Baby,2023-04-26,Rogers Centre,"Toronto, ON, Canada",Concert
Lil Nas X,2023-11-08,The SSE Hydro,"Glasgow, UK",Concert
Lil Nas X,2023-07-06,Tokyo Dome,"Tokyo, Japan",Festival
Lil Nas X,2023-06-29,The O2,"London, UK",Concert
Lil Nas X,2023-11-18,Olympiastadion,"Berlin, Germany",Concert
Linkin Park,2023-11-13,Lanxess Arena,"Cologne, Germany",Concert
Linkin Park,2023-04-21,Wembley Stadium,"London, UK",Concert
Linkin Park,2023-06-28,Wembley Stadium,"London, UK",Concert
Linkin Park,2023-10-26,The SSE Hydro,"Glasgow, UK",Concert
Linkin Park,2023-08-30,Arena Ciudad de México,"Mexico City, Mexico",Concert
Linkin Park,2023-03-06,The O2,"London, UK",Concert
Linkin Park,2023-03-29,Palau Sant Jordi,"Barcelona, Spain",Concert
Linkin Park,2023-10-28,Soldier Field,"Chicago, IL, USA",Festival
Linkin Park,2023-03-19,Scotiabank Arena,"Toronto, ON, Canada",Concert
Linkin Park,2023-10-20,Spark Arena,"Auckland, New Zealand",Concert
Linkin Park,2023-07-02,Arena Ciudad de México,"Mexico City, Mexico",Festival
Linkin Park,2023-10-23,Ericsson Globe,"Stockholm, Sweden",Concert
Linkin Park,2023-02-12,Palau Sant Jordi,"Barcelona, Spain",Concert
Lizzo,2023-01-26,Mercedes-Benz Arena,"Shanghai, China",Festival
Lizzo,2023-12-10,Maracanã Stadium,"Rio de Janeiro, Brazil",Festival
Lizzo,2023-04-30,Arena Ciudad de México,"Mexico City, Mexico",Concert
Lizzo,2023-06-23,Lanxess Arena,"Cologne, Germany",Concert
Luke Bryan,2023-05-21,The O2,"London, UK",Concert
Luke Bryan,2023-12-28,Budokan,"Tokyo, Japan",Concert
Luke Bryan,2023-03-19,Taipei Arena,"Taipei, Taiwan",Concert
Luke Combs,2023-09-02,The Colosseum at Caesars Palace,"Las Vegas, NV, USA",Festival
Luke Combs,2023-05-10,Mall of Asia Arena,"Manila, Philippines",Concert
Luke Combs,2023-06-05,Mercedes-Benz Arena,"Shanghai, China",Festival
Luke Combs,2023-05-14,Arena Ciudad de México,"Mexico City, Mexico",Festival
Mac DeMarco,2023-08-04,O2 Arena,"London, UK",Concert
Mac DeMarco,2023-11-05,Madison Square Garden,"New York, NY, USA",Concert
Mac DeMarco,2023-05-30,Arena Ciudad de México,"Mexico City, Mexico",Festival
Mac DeMarco,2023-06-22,Mercedes-Benz Superdome,"New Orleans, LA, USA",Festival
Mac DeMarco,2023-04-20,Rogers Centre,"Toronto, ON, Canada",Concert
Mac DeMarco,2023-06-21,Royal Albert Hall,"London, UK",Concert
Mac DeMarco,2023-07-04,Madison Square Garden,"New York, NY, USA",Concert
Manuel Turizo,2023-08-04,Olympiastadion,"Berlin, Germany",Concert
Manuel Turizo,2023-04-03,Palau Sant Jordi,"Barcelona, Spain",Concert
Manuel Turizo,2023-07-02,The O2,"London, UK",Festival
Manuel Turizo,2023-12-30,Lanxess Arena,"Cologne, Germany",Festival
Manuel Turizo,2023-02-26,Tokyo Dome,"Tokyo, Japan",Festival
Manuel Turizo,2023-02-02,Rod Laver Arena,"Melbourne, Australia",Concert
Megan Moroney,2023-06-10,Mercedes-Benz Superdome,"New Orleans, LA, USA",Concert
Megan Moroney,2023-04-17,Gelora Bung Karno Stadium,"Jakarta, Indonesia",Concert
Megan Moroney,2023-11-09,Hallenstadion,"Zurich, Switzerland",Concert
Melanie Martinez,2023-07-14,Rogers Centre,"Toronto, ON, Canada",Concert
Melanie Martinez,2023-06-03,Taipei Arena,"Taipei, Taiwan",Concert
Melanie Martinez,2023-04-30,Stade de France,"Saint-Denis, France",Festival
Melanie Martinez,2023-03-17,3Arena,"Dublin, Ireland",Concert
Melanie Martinez,2023-12-04,3Arena,"Dublin, Ireland",Concert
Melanie Martinez,2023-01-30,Mercedes-Benz Superdome,"New Orleans, LA, USA",Concert
Melanie Martinez,2023-07-11,The SSE Hydro,"Glasgow, UK",Concert
Melanie Martinez,2023-04-08,Budokan,"Tokyo, Japan",Concert
Miley Cyrus,2023-05-31,The Colosseum at Caesars Palace,"Las Vegas, NV, USA",Festival
Miley Cyrus,2023-01-18,Mall of Asia Arena,"Manila, Philippines",Concert
Miley Cyrus,2023-06-07,The SSE Hydro,"Glasgow, UK",Concert
Miley Cyrus,2023-05-15,Stade de France,"Saint-Denis, France",Concert
Miley Cyrus,2023-05-11,Soldier Field,"Chicago, IL, USA",Concert
Mitski,2023-02-18,The Colosseum at Caesars Palace,"Las Vegas, NV, USA",Concert
Mitski,2023-11-21,Gelora Bung Karno Stadium,"Jakarta, Indonesia",Concert
Mitski,2023-05-16,Mercedes-Benz Superdome,"New Orleans, LA, USA",Concert
Morgan Wallen,2023-02-23,Allianz Parque,"São Paulo, Brazil",Concert
Morgan Wallen,2023-01-15,Lanxess Arena,"Cologne, Germany",Concert
Morgan Wallen,2023-11-02,The O2,"London, UK",Concert
Morgan Wallen,2023-04-03,Red Rocks Amphitheatre,"Morrison, CO, USA",Festival
Morgan Wallen,2023-08-18,Spark Arena,"Auckland, New Zealand",Concert
Morgan Wallen,2023-08-25,Staples Center,"Los Angeles, CA, USA",Concert
Morgan Wallen,2023-08-20,Mercedes-Benz Arena,"Shanghai, China",Festival
Morgan Wallen,2023-07-28,Etihad Stadium,"Manchester, UK",Concert
Morgan Wallen,2023-11-07,Estadio Monumental,"Buenos Aires, Argentina",Concert
Morgan Wallen,2023-08-30,Arena Ciudad de México,"Mexico City, Mexico",Concert
Morgan Wallen,2023-10-30,Sydney Opera House,"Sydney, Australia",Festival
Morgan Wallen,2023-09-01,Staples Center,"Los Angeles, CA, USA",Festival
Myke Towers,2023-08-03,Taipei Arena,"Taipei, Taiwan",Concert
Myke Towers,2023-04-17,Arena Ciudad de México,"Mexico City, Mexico",Concert
Myke Towers,2023-09-26,Mall of Asia Arena,"Manila, Philippines",Concert
Myke Towers,2023-09-19,Rogers Centre,"Toronto, ON, Canada",Festival
Myke Towers,2023-05-12,Mercedes-Benz Arena,"Shanghai, China",Concert
Myke Towers,2023-12-01,Foro Sol,"Mexico City, Mexico",Concert
Myke Towers,2023-09-23,Barclays Center,"Brooklyn, NY, USA",Festival
Myke Towers,2023-08-20,Ericsson Globe,"Stockholm, Sweden",Concert
Myke Towers,2023-06-07,Barclays Center,"Brooklyn, NY, USA",Concert
Myke Towers,2023-08-31,Gelora Bung Karno Stadium,"Jakarta, Indonesia",Concert
Myke Towers,2023-09-22,Mall of Asia Arena,"Manila, Philippines",Concert
Myke Towers,2023-04-23,Red Rocks Amphitheatre,"Morrison, CO, USA",Concert
Myke Towers,2023-01-17,Taipei Arena,"Taipei, Taiwan",Concert
Myke Towers,2023-05-29,Gelora Bung Karno Stadium,"Jakarta, Indonesia",Concert
NF,2023-12-02,Allianz Parque,"São Paulo, Brazil",Concert
NF,2023-01-03,Ziggo Dome,"Amsterdam, Netherlands",Festival
NF,2023-07-03,Olympiastadion,"Berlin, Germany",Concert
NF,2023-07-08,Arena Ciudad de México,"Mexico City, Mexico",Concert
NF,2023-04-02,Etihad Stadium,"Manchester, UK",Concert
NF,2023-05-08,Stade de France,"Saint-Denis, France",Concert
NF,2023-07-23,Wembley Stadium,"London, UK",Concert
NF,2023-12-22,Madison Square Garden,"New York, NY, USA",Concert
NF,2023-05-15,Ziggo Dome,"Amsterdam, Netherlands",Concert
NF,2023-11-10,3Arena,"Dublin, Ireland",Concert
NF,2023-07-10,Ziggo Dome,"Amsterdam, Netherlands",Festival
NF,2023-01-26,Ziggo Dome,"Amsterdam, Netherlands",Concert
NF,2023-09-17,Lanxess Arena,"Cologne, Germany",Concert
NF,2023-01-24,3Arena,"Dublin, Ireland",Concert
Nat King Cole,2023-01-29,Red Rocks Amphitheatre,"Morrison, CO, USA",Concert
Nat King Cole,2023-05-21,Ericsson Globe,"Stockholm, Sweden",Concert
Nat King Cole,2023-05-23,Ericsson Globe,"Stockholm, Sweden",Concert
Nat King Cole,2023-01-01,Etihad Stadium,"Manchester, UK",Concert
Nat King Cole,2023-06-20,Ziggo Dome,"Amsterdam, Netherlands",Concert
Nat King Cole,2023-06-15,Sydney Opera House,"Sydney, Australia",Concert
Nat King Cole,2023-02-21,Mercedes-Benz Superdome,"New Orleans, LA, USA",Concert
Nat King Cole,2023-10-27,Etihad Stadium,"Manchester, UK",Concert
Nat King Cole,2023-01-07,Taipei Arena,"Taipei, Taiwan",Festival
Nat King Cole,2023-12-27,Rod Laver Arena,"Melbourne, Australia",Concert
Nat King Cole,2023-08-03,Royal Albert Hall,"London, UK",Concert
Nat King Cole,2023-01-26,Barclays Center,"Brooklyn, NY, USA",Festival
Nat King Cole,2023-05-30,Soldier Field,"Chicago, IL, USA",Concert
Niall Horan,2023-01-08,Barclays Center,"Brooklyn, NY, USA",Concert
Niall Horan,2023-02-11,Arena Ciudad de México,"Mexico City, Mexico",Festival
Niall Horan,2023-11-28,Rod Laver Arena,"Melbourne, Australia",Concert
Niall Horan,2023-09-07,Rogers Centre,"Toronto, ON, Canada",Concert
Niall Horan,2023-03-29,The O2,"London, UK",Concert
Niall Horan,2023-06-04,Rogers Centre,"Toronto, ON, Canada",Concert
Niall Horan,2023-11-07,Hollywood Bowl,"Los Angeles, CA, USA",Concert
Niall Horan,2023-07-13,Madison Square Garden,"New York, NY, USA",Festival
Niall Horan,2023-09-28,Tokyo Dome,"Tokyo, Japan",Concert
Niall Horan,2023-06-12,Palau Sant Jordi,"Barcelona, Spain",Concert
Niall Horan,2023-04-01,Tauron Arena,"Kraków, Poland",Concert
Niall Horan,2023-02-09,Soldier Field,"Chicago, IL, USA",Festival
Nicki Minaj,2023-10-09,Rogers Centre,"Toronto, ON, Canada",Concert
Nicki Minaj,2023-03-18,Ericsson Globe,"Stockholm, Sweden",Concert
Nicki Minaj,2023-10-31,Soldier Field,"Chicago, IL, USA",Concert
Nicki Minaj,2023-10-01,Stade de France,"Saint-Denis, France",Concert
Nicki Minaj,2023-11-10,Hallenstadion,"Zurich, Switzerland",Concert
Nicki Minaj,2023-04-08,Lanxess Arena,"Cologne, Germany",Concert
Nicki Minaj,2023-09-16,Etihad Stadium,"Manchester, UK",Concert
Nicki Minaj,2023-08-21,Olympiastadion,"Berlin, Germany",Concert
Nicki Minaj,2023-02-19,Arena Ciudad de México,"Mexico City, Mexico",Concert
Olivia Rodrigo,2023-12-14,Hallenstadion,"Zurich, Switzerland",Concert
Olivia Rodrigo,2023-04-26,Rogers Centre,"Toronto, ON, Canada",Concert
Olivia Rodrigo,2023-06-20,Red Rocks Amphitheatre,"Morrison, CO, USA",Concert
Olivia Rodrigo,2023-02-14,Mall of Asia Arena,"Manila, Philippines",Concert
OneRepublic,2023-03-14,Staples Center,"Los Angeles, CA, USA",Concert
OneRepublic,2023-05-25,Tauron Arena,"Kraków, Poland",Concert
OneRepublic,2023-09-02,Palau Sant Jordi,"Barcelona, Spain",Concert
OneRepublic,2023-01-09,The Colosseum at Caesars Palace,"Las Vegas, NV, USA",Concert
OneRepublic,2023-04-10,Taipei Arena,"Taipei, Taiwan",Concert
OneRepublic,2023-06-17,Tauron Arena,"Kraków, Poland",Festival
OneRepublic,2023-03-14,Rod Laver Arena,"Melbourne, Australia",Festival
OneRepublic,2023-10-10,Soldier Field,"Chicago, IL, USA",Concert
OneRepublic,2023-06-28,Budokan,"Tokyo, Japan",Concert
OneRepublic,2023-03-22,Royal Albert Hall,"London, UK",Concert
Parker McCollum,2023-11-21,Foro Sol,"Mexico City, Mexico",Concert
Parker McCollum,2023-04-27,Barclays Center,"Brooklyn, NY, USA",Festival
Parker McCollum,2023-12-08,Red Rocks Amphitheatre,"Morrison, CO, USA",Concert
Parker McCollum,2023-08-31,Barclays Center,"Brooklyn, NY, USA",Concert
Parker McCollum,2023-04-13,Ziggo Dome,"Amsterdam, Netherlands",Concert
Parker McCollum,2023-10-30,Madison Square Garden,"New York, NY, USA",Concert
Parker McCollum,2023-08-11,O2 Arena,"London, UK",Concert
Parker McCollum,2023-05-20,Foro Sol,"Mexico City, Mexico",Concert
Parker McCollum,2023-09-01,Budokan,"Tokyo, Japan",Concert
Parker McCollum,2023-03-25,The SSE Hydro,"Glasgow, UK",Concert
Parker McCollum,2023-02-18,Madison Square Garden,"New York, NY, USA",Concert
Parmalee,2023-12-01,Stade de France,"Saint-Denis, France",Festival
Parmalee,2023-11-27,3Arena,"Dublin, Ireland",Festival
Parmalee,2023-02-24,The Colosseum at Caesars Palace,"Las Vegas, NV, USA",Concert
Parmalee,2023-06-20,O2 Arena,"London, UK",Concert
Parmalee,2023-11-26,Mercedes-Benz Superdome,"New Orleans, LA, USA",Festival
Parmalee,2023-04-02,Spark Arena,"Auckland, New Zealand",Concert
Parmalee,2023-11-06,Red Rocks Amphitheatre,"Morrison, CO, USA",Festival
Parmalee,2023-03-09,AccorHotels Arena,"Paris, France",Concert
Parmalee,2023-11-28,Tauron Arena,"Kraków, Poland",Festival
Paul McCartney,2023-08-29,Stade de France,"Saint-Denis, France",Concert
Paul McCartney,2023-12-06,Scotiabank Arena,"Toronto, ON, Canada",Concert
Paul McCartney,2023-06-22,Mall of Asia Arena,"Manila, Philippines",Concert
Paul McCartney,2023-06-14,Etihad Stadium,"Manchester, UK",Concert
Paul McCartney,2023-05-01,Red Rocks Amphitheatre,"Morrison, CO, USA",Concert
Paul McCartney,2023-04-12,Hollywood Bowl,"Los Angeles, CA, USA",Concert
Paul McCartney,2023-09-08,Arena Ciudad de México,"Mexico City, Mexico",Festival
Paul McCartney,2023-07-20,Mercedes-Benz Superdome,"New Orleans, LA, USA",Concert
Paul McCartney,2023-12-28,Ericsson Globe,"Stockholm, Sweden",Concert
Paul McCartney,2023-12-27,Estadio Monumental,"Buenos Aires, Argentina",Festival
Paul McCartney,2023-04-19,Barclays Center,"Brooklyn, NY, USA",Festival
Paul McCartney,2023-11-09,Estadio Monumental,"Buenos Aires, Argentina",Concert
Russell Dickerson,2023-10-26,Arena Ciudad de México,"Mexico City, Mexico",Festival
Russell Dickerson,2023-11-09,Arena Ciudad de México,"Mexico City, Mexico",Concert
Russell Dickerson,2023-07-22,Foro Sol,"Mexico City, Mexico",Concert
Russell Dickerson,2023-04-28,Soldier Field,"Chicago, IL, USA",Concert
Russell Dickerson,2023-09-18,Hallenstadion,"Zurich, Switzerland",Festival
Russell Dickerson,2023-08-10,Spark Arena,"Auckland, New Zealand",Concert
Russell Dickerson,2023-07-13,The Colosseum at Caesars Palace,"Las Vegas, NV, USA",Concert
Sabrina Carpenter,2023-02-24,Lanxess Arena,"Cologne, Germany",Concert
Sabrina Carpenter,2023-12-10,Rod Laver Arena,"Melbourne, Australia",Concert
Sabrina Carpenter,2023-11-25,Madison Square Garden,"New York, NY, USA",Concert
Sabrina Carpenter,2023-11-18,Etihad Stadium,"Manchester, UK",Concert
Sabrina Carpenter,2023-10-06,Hollywood Bowl,"Los Angeles, CA, USA",Festival
Sam Smith,2023-11-28,Spark Arena,"Auckland, New Zealand",Concert
Sam Smith,2023-05-14,O2 Arena,"London, UK",Concert
Sam Smith,2023-11-24,The O2,"London, UK",Concert
Sam Smith,2023-03-12,Tauron Arena,"Kraków, Poland",Concert
Sam Smith,2023-03-23,Allianz Parque,"São Paulo, Brazil",Concert
Sam Smith,2023-04-21,Scotiabank Arena,"Toronto, ON, Canada",Concert
Sam Smith,2023-11-18,Hallenstadion,"Zurich, Switzerland",Concert
Sam Smith,2023-01-15,The SSE Hydro,"Glasgow, UK",Concert
Sam Smith,2023-04-07,Mercedes-Benz Arena,"Shanghai, China",Concert
Sam Smith,2023-11-13,Arena Ciudad de México,"Mexico City, Mexico",Concert
Scotty McCreery,2023-10-25,The Colosseum at Caesars Palace,"Las Vegas, NV, USA",Festival
Scotty McCreery,2023-03-23,Scotiabank Arena,"Toronto, ON, Canada",Concert
Scotty McCreery,2023-12-24,Gelora Bung Karno Stadium,"Jakarta, Indonesia",Concert
Scotty McCreery,2023-07-12,Ziggo Dome,"Amsterdam, Netherlands",Concert
Scotty McCreery,2023-07-18,Mercedes-Benz Superdome,"New Orleans, LA, USA",Concert
Scotty McCreery,2023-06-11,Mall of Asia Arena,"Manila, Philippines",Festival
Scotty McCreery,2023-06-21,Hallenstadion,"Zurich, Switzerland",Concert
Scotty McCreery,2023-02-14,Taipei Arena,"Taipei, Taiwan",Festival
Selena Gomez,2023-05-22,Soldier Field,"Chicago, IL, USA",Concert
Selena Gomez,2023-08-08,Rod Laver Arena,"Melbourne, Australia",Concert
Selena Gomez,2023-10-27,Staples Center,"Los Angeles, CA, USA",Concert
Selena Gomez,2023-04-26,The O2,"London, UK",Festival
Selena Gomez,2023-04-22,Madison Square Garden,"New York, NY, USA",Concert
Selena Gomez,2023-02-05,Palau Sant Jordi,"Barcelona, Spain",Concert
Shakira,2023-07-16,Madison Square Garden,"New York, NY, USA",Concert
Shakira,2023-07-18,O2 Arena,"London, UK",Concert
Shakira,2023-04-08,Gelora Bung Karno Stadium,"Jakarta, Indonesia",Concert
Shakira,2023-03-13,Mall of Asia Arena,"Manila, Philippines",Concert
Shakira,2023-07-02,The O2,"London, UK",Concert
Shakira,2023-03-29,Maracanã Stadium,"Rio de Janeiro, Brazil",Concert
Sia,2023-10-12,Hollywood Bowl,"Los Angeles, CA, USA",Concert
Sia,2023-02-09,Gelora Bung Karno Stadium,"Jakarta, Indonesia",Concert
Sia,2023-06-28,3Arena,"Dublin, Ireland",Concert
Sia,2023-11-23,3Arena,"Dublin, Ireland",Concert
Sia,2023-04-18,Olympiastadion,"Berlin, Germany",Concert
Sia,2023-12-22,Foro Sol,"Mexico City, Mexico",Concert
Sia,2023-07-09,Mercedes-Benz Arena,"Shanghai, China",Concert
Sia,2023-12-27,Ericsson Globe,"Stockholm, Sweden",Festival
Sia,2023-07-18,Scotiabank Arena,"Toronto, ON, Canada",Festival
Sia,2023-04-24,Etihad Stadium,"Manchester, UK",Concert
Sia,2023-11-17,Etihad Stadium,"Manchester, UK",Festival
Sia,2023-11-21,The Colosseum at Caesars Palace,"Las Vegas, NV, USA",Concert
Sia,2023-03-09,Maracanã Stadium,"Rio de Janeiro, Brazil",Concert
Sia,2023-10-06,Olympiastadion,"Berlin, Germany",Concert
Stephen Sanchez,2023-04-18,Tokyo Dome,"Tokyo, Japan",Festival
Stephen Sanchez,2023-08-09,The SSE Hydro,"Glasgow, UK",Festival
Stephen Sanchez,2023-07-30,Tokyo Dome,"Tokyo, Japan",Concert
Stephen Sanchez,2023-12-08,Madison Square Garden,"New York, NY, USA",Concert
Stephen Sanchez,2023-06-15,3Arena,"Dublin, Ireland",Concert
Stephen Sanchez,2023-03-10,Barclays Center,"Brooklyn, NY, USA",Concert
Stephen Sanchez,2023-08-19,Budokan,"Tokyo, Japan",Concert
Stephen Sanchez,2023-08-01,Hollywood Bowl,"Los Angeles, CA, USA",Concert
Stephen Sanchez,2023-02-21,The Colosseum at Caesars Palace,"Las Vegas, NV, USA",Concert
TWICE,2023-06-22,Etihad Stadium,"Manchester, UK",Festival
TWICE,2023-11-15,Sydney Opera House,"Sydney, Australia",Concert
TWICE,2023-11-08,Rogers Centre,"Toronto, ON, Canada",Concert
TWICE,2023-03-15,Soldier Field,"Chicago, IL, USA",Concert
TWICE,2023-09-04,Rogers Centre,"Toronto, ON, Canada",Concert
TWICE,2023-03-25,Mercedes-Benz Arena,"Shanghai, China",Concert
TWICE,2023-04-25,Madison Square Garden,"New York, NY, USA",Concert
TWICE,2023-08-01,Gelora Bung Karno Stadium,"Jakarta, Indonesia",Festival
TWICE,2023-08-22,Barclays Center,"Brooklyn, NY, USA",Concert
TWICE,2023-06-01,Scotiabank Arena,"Toronto, ON, Canada",Concert
TWICE,2023-08-29,Staples Center,"Los Angeles, CA, USA",Concert
TWICE,2023-07-25,The O2,"London, UK",Concert
Tate McRae,2023-05-01,Mercedes-Benz Superdome,"New Orleans, LA, USA",Concert
Tate McRae,2023-04-19,Red Rocks Amphitheatre,"Morrison, CO, USA",Concert
Tate McRae,2023-12-06,Red Rocks Amphitheatre,"Morrison, CO, USA",Festival
Tate McRae,2023-02-06,Tauron Arena,"Kraków, Poland",Festival
Tate McRae,2023-12-29,Staples Center,"Los Angeles, CA, USA",Concert
Taylor Swift,2023-01-31,Hollywood Bowl,"Los Angeles, CA, USA",Concert
Taylor Swift,2023-05-30,Allianz Parque,"São Paulo, Brazil",Concert
Taylor Swift,2023-02-15,Scotiabank Arena,"Toronto, ON, Canada",Concert
Taylor Swift,2023-08-21,Hollywood Bowl,"Los Angeles, CA, USA",Concert
Taylor Swift,2023-01-09,The SSE Hydro,"Glasgow, UK",Concert
Taylor Swift,2023-09-29,Gelora Bung Karno Stadium,"Jakarta, Indonesia",Festival
Taylor Swift,2023-09-20,Red Rocks Amphitheatre,"Morrison, CO, USA",Concert
Taylor Swift,2023-12-24,Tokyo Dome,"Tokyo, Japan",Concert
Taylor Swift,2023-10-30,Olympiastadion,"Berlin, Germany",Festival
Taylor Swift,2023-01-25,Tauron Arena,"Kraków, Poland",Concert
Taylor Swift,2023-12-24,Estadio Monumental,"Buenos Aires, Argentina",Festival
Taylor Swift,2023-08-27,Scotiabank Arena,"Toronto, ON, Canada",Concert
Taylor Swift,2023-02-19,O2 Arena,"London, UK",Concert
Taylor Swift,2023-02-09,Red Rocks Amphitheatre,"Morrison, CO, USA",Festival
The Beach Boys,2023-12-05,Soldier Field,"Chicago, IL, USA",Concert
The Beach Boys,2023-03-14,Ziggo Dome,"Amsterdam, Netherlands",Concert
The Beach Boys,2023-03-05,Maracanã Stadium,"Rio de Janeiro, Brazil",Concert
The Beach Boys,2023-01-01,Foro Sol,"Mexico City, Mexico",Concert
The Beach Boys,2023-03-07,Barclays Center,"Brooklyn, NY, USA",Concert
The Kid LAROI,2023-03-08,Lanxess Arena,"Cologne, Germany",Concert
The Kid LAROI,2023-06-11,Budokan,"Tokyo, Japan",Concert
The Kid LAROI,2023-02-05,Budokan,"Tokyo, Japan",Concert
The Kid LAROI,2023-11-29,AccorHotels Arena,"Paris, France",Concert
The Kid LAROI,2023-03-29,Budokan,"Tokyo, Japan",Concert
The Kid LAROI,2023-06-29,Rogers Centre,"Toronto, ON, Canada",Concert
The Kid LAROI,2023-05-20,The Colosseum at Caesars Palace,"Las Vegas, NV, USA",Concert
The Kid LAROI,2023-01-16,Allianz Parque,"São Paulo, Brazil",Concert
The Kid LAROI,2023-03-14,Foro Sol,"Mexico City, Mexico",Concert
Thomas Rhett,2023-02-02,Mercedes-Benz Superdome,"New Orleans, LA, USA",Concert
Thomas Rhett,2023-02-13,Spark Arena,"Auckland, New Zealand",Concert
Thomas Rhett,2023-02-13,3Arena,"Dublin, Ireland",Concert
Thomas Rhett,2023-12-24,Maracanã Stadium,"Rio de Janeiro, Brazil",Festival
Thomas Rhett,2023-04-29,Madison Square Garden,"New York, NY, USA",Festival
Thomas Rhett,2023-04-27,Budokan,"Tokyo, Japan",Festival
Thomas Rhett,2023-08-08,Foro Sol,"Mexico City, Mexico",Concert
Thomas Rhett,2023-10-18,Spark Arena,"Auckland, New Zealand",Concert
Tim McGraw,2023-04-06,The SSE Hydro,"Glasgow, UK",Concert
Tim McGraw,2023-02-03,Ziggo Dome,"Amsterdam, Netherlands",Concert
Tim McGraw,2023-12-01,Mercedes-Benz Superdome,"New Orleans, LA, USA",Concert
Tim McGraw,2023-11-02,Estadio Monumental,"Buenos Aires, Argentina",Concert
Tim McGraw,2023-08-16,Foro Sol,"Mexico City, Mexico",Concert
Tim McGraw,2023-06-21,Mall of Asia Arena,"Manila, Philippines",Concert
Tim McGraw,2023-07-28,Hollywood Bowl,"Los Angeles, CA, USA",Concert
Tim McGraw,2023-07-03,Royal Albert Hall,"London, UK",Festival
Tim McGraw,2023-07-17,Tokyo Dome,"Tokyo, Japan",Concert
Tim McGraw,2023-03-19,Spark Arena,"Auckland, New Zealand",Concert
Travis Scott,2023-01-29,Estadio Monumental,"Buenos Aires, Argentina",Festival
Travis Scott,2023-07-30,The O2,"London, UK",Concert
Travis Scott,2023-09-13,Tauron Arena,"Kraków, Poland",Concert
Travis Scott,2023-10-22,Gelora Bung Karno Stadium,"Jakarta, Indonesia",Concert
Travis Scott,2023-09-20,Maracanã Stadium,"Rio de Janeiro, Brazil",Concert
Travis Scott,2023-07-16,Budokan,"Tokyo, Japan",Concert
Travis Scott,2023-11-02,Royal Albert Hall,"London, UK",Concert
Travis Scott,2023-10-10,The Colosseum at Caesars Palace,"Las Vegas, NV, USA",Concert
Travis Scott,2023-11-24,Spark Arena,"Auckland, New Zealand",Concert
Travis Scott,2023-04-26,The SSE Hydro,"Glasgow, UK",Festival
Travis Scott,2023-04-29,Stade de France,"Saint-Denis, France",Concert
Travis Scott,2023-07-27,Hollywood Bowl,"Los Angeles, CA, USA",Concert
Travis Scott,2023-02-03,The SSE Hydro,"Glasgow, UK",Festival
Travis Scott,2023-06-26,Rogers Centre,"Toronto, ON, Canada",Festival
Travis Scott,2023-08-01,Rod Laver Arena,"Melbourne, Australia",Festival
Troye Sivan,2023-07-09,Mall of Asia Arena,"Manila, Philippines",Festival
Troye Sivan,2023-12-07,Soldier Field,"Chicago, IL, USA",Concert
Troye Sivan,2023-03-25,Hollywood Bowl,"Los Angeles, CA, USA",Festival
Troye Sivan,2023-12-26,Ziggo Dome,"Amsterdam, Netherlands",Concert
Troye Sivan,2023-11-25,Royal Albert Hall,"London, UK",Concert
Troye Sivan,2023-02-24,Soldier Field,"Chicago, IL, USA",Festival
Troye Sivan,2023-11-02,Etihad Stadium,"Manchester, UK",Concert
Tyler Childers,2023-07-27,The Colosseum at Caesars Palace,"Las Vegas, NV, USA",Concert
Tyler Childers,2023-07-26,Rod Laver Arena,"Melbourne, Australia",Concert
Tyler Childers,2023-06-14,Allianz Parque,"São Paulo, Brazil",Concert
Tyler Childers,2023-10-22,Hollywood Bowl,"Los Angeles, CA, USA",Concert
Tyler Childers,2023-08-13,Maracanã Stadium,"Rio de Janeiro, Brazil",Concert
Tyler Childers,2023-10-17,AccorHotels Arena,"Paris, France",Concert
Tyler Childers,2023-04-10,Hollywood Bowl,"Los Angeles, CA, USA",Concert
Tyler Childers,2023-07-23,Rod Laver Arena,"Melbourne, Australia",Concert
Tyler Childers,2023-06-18,Maracanã Stadium,"Rio de Janeiro, Brazil",Festival
Tyler Hubbard,2023-11-22,Foro Sol,"Mexico City, Mexico",Festival
Tyler Hubbard,2023-08-15,Budokan,"Tokyo, Japan",Concert
Tyler Hubbard,2023-05-16,The SSE Hydro,"Glasgow, UK",Concert
Tyler Hubbard,2023-02-26,Rogers Centre,"Toronto, ON, Canada",Concert
Tyler Hubbard,2023-01-03,Wembley Stadium,"London, UK",Concert
Tyler Hubbard,2023-08-21,Estadio Monumental,"Buenos Aires, Argentina",Festival
Tyler Hubbard,2023-02-25,Rogers Centre,"Toronto, ON, Canada",Festival
Tyler Hubbard,2023-06-11,Etihad Stadium,"Manchester, UK",Concert
Tyler Hubbard,2023-03-16,Staples Center,"Los Angeles, CA, USA",Concert
Tyler Hubbard,2023-05-26,Palau Sant Jordi,"Barcelona, Spain",Festival
Tyler Hubbard,2023-11-05,Tauron Arena,"Kraków, Poland",Concert
Vince Guaraldi Trio,2023-08-09,Rod Laver Arena,"Melbourne, Australia",Concert
Vince Guaraldi Trio,2023-12-16,Sydney Opera House,"Sydney, Australia",Festival
Vince Guaraldi Trio,2023-10-08,Mercedes-Benz Superdome,"New Orleans, LA, USA",Concert
Vince Guaraldi Trio,2023-05-21,Spark Arena,"Auckland, New Zealand",Concert
Vince Guaraldi Trio,2023-02-18,Rogers Centre,"Toronto, ON, Canada",Concert
Vince Guaraldi Trio,2023-09-18,Scotiabank Arena,"Toronto, ON, Canada",Concert
Vince Guaraldi Trio,2023-01-01,Rogers Centre,"Toronto, ON, Canada",Concert
Vince Guaraldi Trio,2023-08-09,Scotiabank Arena,"Toronto, ON, Canada",Concert
Wham!,2023-03-08,Mercedes-Benz Arena,"Shanghai, China",Concert
Wham!,2023-08-24,Madison Square Garden,"New York, NY, USA",Concert
Wham!,2023-12-23,Mall of Asia Arena,"Manila, Philippines",Concert
Wham!,2023-11-04,Foro Sol,"Mexico City, Mexico",Festival
Wham!,2023-05-01,Palau Sant Jordi,"Barcelona, Spain",Concert
Wham!,2023-08-31,Olympiastadion,"Berlin, Germany",Concert
Wham!,2023-11-13,Stade de France,"Saint-Denis, France",Concert
Zach Bryan,2023-03-23,Madison Square Garden,"New York, NY, USA",Concert
Zach Bryan,2023-10-25,Staples Center,"Los Angeles, CA, USA",Concert
Zach Bryan,2023-05-25,Tauron Arena,"Kraków, Poland",Concert
Zach Bryan,2023-01-22,Royal Albert Hall,"London, UK",Festival
Zach Bryan,2023-01-13,Stade de France,"Saint-Denis, France",Concert
Zach Bryan,2023-06-24,Olympiastadion,"Berlin, Germany",Concert
Zach Bryan,2023-02-07,Soldier Field,"Chicago, IL, USA",Concert
blink-182,2023-08-01,Madison Square Garden,"New York, NY, USA",Concert
blink-182,2023-03-30,Budokan,"Tokyo, Japan",Concert
blink-182,2023-03-19,Rod Laver Arena,"Melbourne, Australia",Festival
blink-182,2023-12-19,Ziggo Dome,"Amsterdam, Netherlands",Concert
blink-182,2023-04-02,Mercedes-Benz Arena,"Shanghai, China",Concert
blink-182,2023-07-12,Sydney Opera House,"Sydney, Australia",Festival
blink-182,2023-07-17,Scotiabank Arena,"Toronto, ON, Canada",Concert
blink-182,2023-10-04,AccorHotels Arena,"Paris, France",Festival
blink-182,2023-03-09,Lanxess Arena,"Cologne, Germany",Festival
blink-182,2023-03-10,Estadio Monumental,"Buenos Aires, Argentina",Concert
blink-182,2023-07-26,Estadio Monumental,"Buenos Aires, Argentina",Concert
blink-182,2023-08-24,Mall of Asia Arena,"Manila, Philippines",Concert
blink-182,2023-03-16,Tokyo Dome,"Tokyo, Japan",Concert
blink-182,2023-10-18,Staples Center,"Los Angeles, CA, USA",Concert
blink-182,2023-07-27,Barclays Center,"Brooklyn, NY, USA",Festival
BTS,2023-04-08,AccorHotels Arena,"Paris, France",Concert
BTS,2023-08-15,Foro Sol,"Mexico City, Mexico",Concert
BTS,2023-07-29,The O2,"London, UK",Festival
BTS,2023-10-27,Olympiastadion,"Berlin, Germany",Festival
BTS,2023-10-21,Tokyo Dome,"Tokyo, Japan",Concert
BTS,2023-02-13,Hallenstadion,"Zurich, Switzerland",Concert
BTS,2023-08-28,3Arena,"Dublin, Ireland",Festival
BTS,2023-03-28,O2 Arena,"London, UK",Concert
BTS,2023-07-10,Stade de France,"Saint-Denis, France",Concert
BTS,2023-07-03,Mall of Asia Arena,"Manila, Philippines",Concert
BTS,2023-12-22,Wembley Stadium,"London, UK",Concert
BTS,2023-04-20,Arena Ciudad de México,"Mexico City, Mexico",Concert
BTS,2023-11-11,Mercedes-Benz Arena,"Shanghai, China",Concert
BlackPink,2023-04-08,Red Rocks Amphitheatre,"Morrison, CO, USA",Concert
BlackPink,2023-01-19,AccorHotels Arena,"Paris, France",Concert
BlackPink,2023-02-07,Mercedes-Benz Superdome,"New Orleans, LA, USA",Concert
BlackPink,2023-10-02,Madison Square Garden,"New York, NY, USA",Concert
BlackPink,2023-06-05,Mall of Asia Arena,"Manila, Philippines",Concert
BlackPink,2023-12-08,Lanxess Arena,"Cologne, Germany",Festival
BlackPink,2023-01-02,Mall of Asia Arena,"Manila, Philippines",Concert
BlackPink,2023-10-21,Tauron Arena,"Kraków, Poland",Concert
BlackPink,2023-06-29,Hallenstadion,"Zurich, Switzerland",Concert
BlackPink,2023-10-30,Madison Square Garden,"New York, NY, USA",Concert
BlackPink,2023-08-11,Gelora Bung Karno Stadium,"Jakarta, Indonesia",Festival
J Balvin,2023-03-07,Spark Arena,"Auckland, New Zealand",Concert
J Balvin,2023-10-16,Red Rocks Amphitheatre,"Morrison, CO, USA",Festival
J Balvin,2023-10-04,The SSE Hydro,"Glasgow, UK",Concert
J Balvin,2023-05-06,Scotiabank Arena,"Toronto, ON, Canada",Concert
J Balvin,2023-01-20,The O2,"London, UK",Festival
J Balvin,2023-05-09,Mall of Asia Arena,"Manila, Philippines",Concert
J Balvin,2023-09-26,Rogers Centre,"Toronto, ON, Canada",Festival
J Balvin,2023-10-10,Foro Sol,"Mexico City, Mexico",Concert
J Balvin,2023-02-23,Etihad Stadium,"Manchester, UK",Concert
J Balvin,2023-06-11,Taipei Arena,"Taipei, Taiwan",Concert
J Balvin,2023-05-30,Arena Ciudad de México,"Mexico City, Mexico",Concert
J Balvin,2023-01-18,Hallenstadion,"Zurich, Switzerland",Concert
Rosalía,2023-07-24,Mercedes-Benz Superdome,"New Orleans, LA, USA",Festival
Rosalía,2023-06-10,Sydney Opera House,"Sydney, Australia",Festival
Rosalía,2023-01-01,Olympiastadion,"Berlin, Germany",Concert
Rosalía,2023-09-25,Maracanã Stadium,"Rio de Janeiro, Brazil",Concert
Rosalía,2023-02-17,Palau Sant Jordi,"Barcelona, Spain",Concert
Rosalía,2023-12-08,Soldier Field,"Chicago, IL, USA",Concert
Rosalía,2023-10-20,Taipei Arena,"Taipei, Taiwan",Concert
Rosalía,2023-10-12,Mercedes-Benz Superdome,"New Orleans, LA, USA",Concert
Rosalía,2023-07-04,Barclays Center,"Brooklyn, NY, USA",Concert
Rosalía,2023-01-31,Olympiastadion,"Berlin, Germany",Concert
Rosalía,2023-10-13,Estadio Monumental,"Buenos Aires, Argentina",Festival
Rosalía,2023-02-19,Red Rocks Amphitheatre,"Morrison, CO, USA",Concert
Wizkid,2023-06-21,The O2,"London, UK",Concert
Wizkid,2023-02-06,The Colosseum at Caesars Palace,"Las Vegas, NV, USA",Concert
Wizkid,2023-04-23,O2 Arena,"London, UK",Festival
Wizkid,2023-02-17,Soldier Field,"Chicago, IL, USA",Concert
Wizkid,2023-12-19,O2 Arena,"London, UK",Concert
Wizkid,2023-03-29,Maracanã Stadium,"Rio de Janeiro, Brazil",Concert
Wizkid,2023-06-28,Sydney Opera House,"Sydney, Australia",Concert
Wizkid,2023-05-07,Gelora Bung Karno Stadium,"Jakarta, Indonesia",Concert
Aya Nakamura,2023-02-26,Barclays Center,"Brooklyn, NY, USA",Festival
Aya Nakamura,2023-06-12,Gelora Bung Karno Stadium,"Jakarta, Indonesia",Concert
Aya Nakamura,2023-08-08,AccorHotels Arena,"Paris, France",Concert
Aya Nakamura,2023-08-21,Sydney Opera House,"Sydney, Australia",Festival
Rammstein,2023-08-07,Sydney Opera House,"Sydney, Australia",Concert
Rammstein,2023-01-09,AccorHotels Arena,"Paris, France",Concert
Rammstein,2023-09-10,Tauron Arena,"Kraków, Poland",Concert
Rammstein,2023-03-12,Palau Sant Jordi,"Barcelona, Spain",Concert
Rammstein,2023-08-03,Ziggo Dome,"Amsterdam, Netherlands",Concert
Rammstein,2023-05-15,Royal Albert Hall,"London, UK",Concert
Rammstein,2023-09-27,Soldier Field,"Chicago, IL, USA",Festival
Rammstein,2023-02-12,O2 Arena,"London, UK",Concert
Anitta,2023-06-15,Rogers Centre,"Toronto, ON, Canada",Concert
Anitta,2023-07-10,Madison Square Garden,"New York, NY, USA",Concert
Anitta,2023-07-16,Budokan,"Tokyo, Japan",Concert
Anitta,2023-05-06,Maracanã Stadium,"Rio de Janeiro, Brazil",Festival
Anitta,2023-03-26,Mercedes-Benz Arena,"Shanghai, China",Festival
Anitta,2023-03-16,Wembley Stadium,"London, UK",Concert
Anitta,2023-06-26,Soldier Field,"Chicago, IL, USA",Concert
Anitta,2023-12-05,Rogers Centre,"Toronto, ON, Canada",Festival
Anitta,2023-08-15,Hallenstadion,"Zurich, Switzerland",Concert
Måneskin,2023-12-25,Mercedes-Benz Superdome,"New Orleans, LA, USA",Concert
Måneskin,2023-07-21,Sydney Opera House,"Sydney, Australia",Concert
Måneskin,2023-12-16,Barclays Center,"Brooklyn, NY, USA",Concert
Måneskin,2023-03-08,3Arena,"Dublin, Ireland",Concert
Måneskin,2023-07-15,Palau Sant Jordi,"Barcelona, Spain",Concert
Måneskin,2023-12-03,Olympiastadion,"Berlin, Germany",Concert
Måneskin,2023-04-27,Sydney Opera House,"Sydney, Australia",Concert
Måneskin,2023-05-07,Gelora Bung Karno Stadium,"Jakarta, Indonesia",Concert
Måneskin,2023-06-08,Scotiabank Arena,"Toronto, ON, Canada",Concert
Måneskin,2023-03-24,Hollywood Bowl,"Los Angeles, CA, USA",Concert
Måneskin,2023-11-05,Ericsson Globe,"Stockholm, Sweden",Festival
Måneskin,2023-06-02,Tauron Arena,"Kraków, Poland",Festival
Dimash Kudaibergen,2023-08-27,Mercedes-Benz Superdome,"New Orleans, LA, USA",Concert
Dimash Kudaibergen,2023-04-23,Estadio Monumental,"Buenos Aires, Argentina",Concert
Dimash Kudaibergen,2023-01-06,Spark Arena,"Auckland, New Zealand",Concert
Dimash Kudaibergen,2023-05-06,Hollywood Bowl,"Los Angeles, CA, USA",Concert
Dimash Kudaibergen,2023-02-07,AccorHotels Arena,"Paris, France",Concert
Dimash Kudaibergen,2023-10-12,Foro Sol,"Mexico City, Mexico",Concert
Dimash Kudaibergen,2023-07-04,Wembley Stadium,"London, UK",Concert
Dimash Kudaibergen,2023-11-09,Estadio Monumental,"Buenos Aires, Argentina",Concert
Dimash Kudaibergen,2023-06-30,Wembley Stadium,"London, UK",Concert
Dimash Kudaibergen,2023-02-08,Allianz Parque,"São Paulo, Brazil",Concert
Dimash Kudaibergen,2023-11-03,Ericsson Globe,"Stockholm, Sweden",Concert
Cesária Évora,2023-03-29,Madison Square Garden,"New York, NY, USA",Concert
Cesária Évora,2023-05-29,Sydney Opera House,"Sydney, Australia",Concert
Cesária Évora,2023-06-21,Budokan,"Tokyo, Japan",Concert
Daddy Yankee,2023-05-06,Madison Square Garden,"New York, NY, USA",Concert
Daddy Yankee,2023-09-22,Mall of Asia Arena,"Manila, Philippines",Concert
Daddy Yankee,2023-02-04,Mercedes-Benz Arena,"Shanghai, China",Concert
Daddy Yankee,2023-02-08,The O2,"London, UK",Concert
Daddy Yankee,2023-11-18,Madison Square Garden,"New York, NY, USA",Concert
Daddy Yankee,2023-08-03,Sydney Opera House,"Sydney, Australia",Concert
Daddy Yankee,2023-03-21,Estadio Monumental,"Buenos Aires, Argentina",Concert
Daddy Yankee,2023-08-08,Mercedes-Benz Arena,"Shanghai, China",Concert
Daddy Yankee,2023-07-06,Mercedes-Benz Arena,"Shanghai, China",Concert
Andrea Bocelli,2023-01-29,Allianz Parque,"São Paulo, Brazil",Concert
Andrea Bocelli,2023-04-05,The SSE Hydro,"Glasgow, UK",Concert
Andrea Bocelli,2023-06-11,Taipei Arena,"Taipei, Taiwan",Concert
Andrea Bocelli,2023-02-24,Mall of Asia Arena,"Manila, Philippines",Concert
Andrea Bocelli,2023-10-22,Soldier Field,"Chicago, IL, USA",Concert
Andrea Bocelli,2023-11-25,Estadio Monumental,"Buenos Aires, Argentina",Concert
Andrea Bocelli,2023-11-01,Red Rocks Amphitheatre,"Morrison, CO, USA",Festival
Andrea Bocelli,2023-04-13,Maracanã Stadium,"Rio de Janeiro, Brazil",Concert
Babymetal,2023-06-19,Staples Center,"Los Angeles, CA, USA",Concert
Babymetal,2023-09-16,Barclays Center,"Brooklyn, NY, USA",Festival
Babymetal,2023-12-25,Barclays Center,"Brooklyn, NY, USA",Concert
Babymetal,2023-06-08,Gelora Bung Karno Stadium,"Jakarta, Indonesia",Concert
Céline Dion,2023-09-01,Mercedes-Benz Arena,"Shanghai, China",Concert
Céline Dion,2023-04-10,Tokyo Dome,"Tokyo, Japan",Concert
Céline Dion,2023-11-20,Maracanã Stadium,"Rio de Janeiro, Brazil",Concert
Céline Dion,2023-04-02,Budokan,"Tokyo, Japan",Concert
Céline Dion,2023-07-25,Sydney Opera House,"Sydney, Australia",Concert
Céline Dion,2023-05-14,Estadio Monumental,"Buenos Aires, Argentina",Festival
Céline Dion,2023-11-01,Mercedes-Benz Arena,"Shanghai, China",Concert
Céline Dion,2023-08-10,Lanxess Arena,"Cologne, Germany",Concert
Céline Dion,2023-12-23,Staples Center,"Los Angeles, CA, USA",Concert
Céline Dion,2023-11-03,Rod Laver Arena,"Melbourne, Australia",Festival
Stromae,2023-01-02,Sydney Opera House,"Sydney, Australia",Concert
Stromae,2023-06-29,Mercedes-Benz Arena,"Shanghai, China",Concert
Stromae,2023-09-08,Rod Laver Arena,"Melbourne, Australia",Concert
Stromae,2023-03-01,Mall of Asia Arena,"Manila, Philippines",Concert
Stromae,2023-11-06,Mercedes-Benz Superdome,"New Orleans, LA, USA",Festival
Stromae,2023-06-13,Rogers Centre,"Toronto, ON, Canada",Concert
Stromae,2023-07-20,Hollywood Bowl,"Los Angeles, CA, USA",Concert
Stromae,2023-01-14,Sydney Opera House,"Sydney, Australia",Concert
Stromae,2023-03-21,Estadio Monumental,"Buenos Aires, Argentina",Concert
Stromae,2023-03-13,AccorHotels Arena,"Paris, France",Concert
Stromae,2023-11-27,Arena Ciudad de México,"Mexico City, Mexico",Festival
Stromae,2023-06-19,Sydney Opera House,"Sydney, Australia",Concert
Stromae,2023-09-01,Rogers Centre,"Toronto, ON, Canada",Concert
Karol G,2023-09-15,Hollywood Bowl,"Los Angeles, CA, USA",Concert
Karol G,2023-03-28,Etihad Stadium,"Manchester, UK",Concert
Karol G,2023-06-04,Hallenstadion,"Zurich, Switzerland",Concert
Karol G,2023-08-16,Hollywood Bowl,"Los Angeles, CA, USA",Concert
Karol G,2023-12-21,Lanxess Arena,"Cologne, Germany",Concert
Maluma,2023-04-18,Mall of Asia Arena,"Manila, Philippines",Festival
Maluma,2023-03-22,Spark Arena,"Auckland, New Zealand",Concert
Maluma,2023-06-08,Sydney Opera House,"Sydney, Australia",Festival
Maluma,2023-03-12,Ziggo Dome,"Amsterdam, Netherlands",Concert
Maluma,2023-02-20,Palau Sant Jordi,"Barcelona, Spain",Concert
Maluma,2023-11-07,Hallenstadion,"Zurich, Switzerland",Concert
Maluma,2023-12-26,Madison Square Garden,"New York, NY, USA",Concert
Maluma,2023-09-27,Allianz Parque,"São Paulo, Brazil",Concert
Maluma,2023-06-08,Ericsson Globe,"Stockholm, Sweden",Concert
Adele,2023-12-29,Stade de France,"Saint-Denis, France",Concert
Adele,2023-08-02,Ericsson Globe,"Stockholm, Sweden",Concert
Adele,2023-02-09,Wembley Stadium,"London, UK",Festival
Elton John,2023-08-15,Budokan,"Tokyo, Japan",Concert
Elton John,2023-01-06,Allianz Parque,"São Paulo, Brazil",Concert
Elton John,2023-07-20,Ericsson Globe,"Stockholm, Sweden",Concert
Elton John,2023-12-12,Rod Laver Arena,"Melbourne, Australia",Concert
Elton John,2023-03-24,Ziggo Dome,"Amsterdam, Netherlands",Festival
Coldplay,2023-08-30,Taipei Arena,"Taipei, Taiwan",Concert
Coldplay,2023-12-17,Mercedes-Benz Arena,"Shanghai, China",Concert
Coldplay,2023-08-08,Budokan,"Tokyo, Japan",Concert
Coldplay,2023-08-18,Stade de France,"Saint-Denis, France",Festival
Coldplay,2023-05-07,Mall of Asia Arena,"Manila, Philippines",Festival
Coldplay,2023-01-01,Tokyo Dome,"Tokyo, Japan",Festival
Coldplay,2023-11-14,Hallenstadion,"Zurich, Switzerland",Concert
U2,2023-04-17,Budokan,"Tokyo, Japan",Concert
U2,2023-11-08,Red Rocks Amphitheatre,"Morrison, CO, USA",Festival
U2,2023-09-04,Mercedes-Benz Arena,"Shanghai, China",Concert
U2,2023-01-22,Hollywood Bowl,"Los Angeles, CA, USA",Concert
U2,2023-02-17,Mercedes-Benz Arena,"Shanghai, China",Concert
U2,2023-05-05,Red Rocks Amphitheatre,"Morrison, CO, USA",Concert
U2,2023-01-05,Maracanã Stadium,"Rio de Janeiro, Brazil",Concert
U2,2023-10-15,Mercedes-Benz Superdome,"New Orleans, LA, USA",Festival
Metallica,2023-02-09,Scotiabank Arena,"Toronto, ON, Canada",Festival
Metallica,2023-12-22,3Arena,"Dublin, Ireland",Concert
Metallica,2023-04-24,Olympiastadion,"Berlin, Germany",Concert
Metallica,2023-12-15,Tokyo Dome,"Tokyo, Japan",Concert
Metallica,2023-11-04,Hollywood Bowl,"Los Angeles, CA, USA",Concert
Metallica,2023-07-29,Budokan,"Tokyo, Japan",Concert
Metallica,2023-07-22,Ziggo Dome,"Amsterdam, Netherlands",Concert
Metallica,2023-04-25,Allianz Parque,"São Paulo, Brazil",Concert
Metallica,2023-10-20,The Colosseum at Caesars Palace,"Las Vegas, NV, USA",Concert
Red Hot Chili Peppers,2023-02-20,Ziggo Dome,"Amsterdam, Netherlands",Festival
Red Hot Chili Peppers,2023-09-02,Madison Square Garden,"New York, NY, USA",Concert
Red Hot Chili Peppers,2023-02-05,Allianz Parque,"São Paulo, Brazil",Concert
Red Hot Chili Peppers,2023-04-07,Hollywood Bowl,"Los Angeles, CA, USA",Concert
Red Hot Chili Peppers,2023-03-25,Tokyo Dome,"Tokyo, Japan",Concert
Red Hot Chili Peppers,2023-02-16,Spark Arena,"Auckland, New Zealand",Concert
Red Hot Chili Peppers,2023-05-24,Rogers Centre,"Toronto, ON, Canada",Concert
Red Hot Chili Peppers,2023-03-08,The Colosseum at Caesars Palace,"Las Vegas, NV, USA",Concert
Beyoncé,2023-04-08,Staples Center,"Los Angeles, CA, USA",Concert
Beyoncé,2023-05-09,Sydney Opera House,"Sydney, Australia",Concert
Beyoncé,2023-01-25,Ericsson Globe,"Stockholm, Sweden",Concert
Beyoncé,2023-12-18,Red Rocks Amphitheatre,"Morrison, CO, USA",Concert
Beyoncé,2023-03-31,Lanxess Arena,"Cologne, Germany",Concert
Beyoncé,2023-05-17,Barclays Center,"Brooklyn, NY, USA",Concert
Beyoncé,2023-09-20,Gelora Bung Karno Stadium,"Jakarta, Indonesia",Festival
Beyoncé,2023-05-18,Hollywood Bowl,"Los Angeles, CA, USA",Concert
Beyoncé,2023-10-06,Hallenstadion,"Zurich, Switzerland",Concert
Beyoncé,2023-07-17,Stade de France,"Saint-Denis, France",Concert
Beyoncé,2023-07-04,Budokan,"Tokyo, Japan",Festival
Beyoncé,2023-01-10,Arena Ciudad de México,"Mexico City, Mexico",Concert
Beyoncé,2023-11-26,Lanxess Arena,"Cologne, Germany",Concert
Rihanna,2023-07-14,Etihad Stadium,"Manchester, UK",Festival
Rihanna,2023-03-26,Lanxess Arena,"Cologne, Germany",Concert
Rihanna,2023-02-28,Arena Ciudad de México,"Mexico City, Mexico",Concert
Rihanna,2023-11-18,Olympiastadion,"Berlin, Germany",Concert
Rihanna,2023-11-04,Red Rocks Amphitheatre,"Morrison, CO, USA",Festival
Rihanna,2023-03-26,Spark Arena,"Auckland, New Zealand",Concert
Justin Bieber,2023-06-22,Ericsson Globe,"Stockholm, Sweden",Festival
Justin Bieber,2023-06-06,Mercedes-Benz Arena,"Shanghai, China",Concert
Justin Bieber,2023-10-18,Lanxess Arena,"Cologne, Germany",Concert
Justin Bieber,2023-06-15,AccorHotels Arena,"Paris, France",Concert
Justin Bieber,2023-03-19,Hollywood Bowl,"Los Angeles, CA, USA",Concert
Justin Bieber,2023-10-05,Taipei Arena,"Taipei, Taiwan",Concert
Justin Bieber,2023-03-18,The O2,"London, UK",Concert
Justin Bieber,2023-09-28,Palau Sant Jordi,"Barcelona, Spain",Concert
Justin Bieber,2023-12-21,Wembley Stadium,"London, UK",Concert
Justin Bieber,2023-03-30,Olympiastadion,"Berlin, Germany",Concert
Justin Bieber,2023-09-13,Red Rocks Amphitheatre,"Morrison, CO, USA",Concert
Justin Bieber,2023-07-09,Gelora Bung Karno Stadium,"Jakarta, Indonesia",Concert
Justin Bieber,2023-09-30,Barclays Center,"Brooklyn, NY, USA",Festival
Justin Bieber,2023-01-30,Arena Ciudad de México,"Mexico City, Mexico",Concert
Justin Bieber,2023-06-30,Ericsson Globe,"Stockholm, Sweden",Concert
Eminem,2023-10-02,Scotiabank Arena,"Toronto, ON, Canada",Festival
Eminem,2023-10-29,Gelora Bung Karno Stadium,"Jakarta, Indonesia",Concert
Eminem,2023-07-30,Stade de France,"Saint-Denis, France",Concert
Eminem,2023-11-23,Lanxess Arena,"Cologne, Germany",Concert
Eminem,2023-07-30,Tokyo Dome,"Tokyo, Japan",Festival
Eminem,2023-09-27,Estadio Monumental,"Buenos Aires, Argentina",Concert
Eminem,2023-05-05,Allianz Parque,"São Paulo, Brazil",Festival
Eminem,2023-09-17,Hallenstadion,"Zurich, Switzerland",Concert
Eminem,2023-12-25,Scotiabank Arena,"Toronto, ON, Canada",Concert
Eminem,2023-12-25,Sydney Opera House,"Sydney, Australia",Concert
Kanye West,2023-12-28,Mercedes-Benz Superdome,"New Orleans, LA, USA",Concert
Kanye West,2023-02-20,Mall of Asia Arena,"Manila, Philippines",Festival
Kanye West,2023-09-22,Olympiastadion,"Berlin, Germany",Concert
Kanye West,2023-08-22,Lanxess Arena,"Cologne, Germany",Concert
Kanye West,2023-11-11,3Arena,"Dublin, Ireland",Concert
Kanye West,2023-09-22,Red Rocks Amphitheatre,"Morrison, CO, USA",Concert
Kanye West,2023-10-14,Royal Albert Hall,"London, UK",Concert
Kanye West,2023-01-30,The Colosseum at Caesars Palace,"Las Vegas, NV, USA",Concert
Kanye West,2023-07-22,The SSE Hydro,"Glasgow, UK",Festival
Kanye West,2023-04-10,Ericsson Globe,"Stockholm, Sweden",Concert
Kanye West,2023-07-04,Foro Sol,"Mexico City, Mexico",Concert
Kanye West,2023-09-11,Etihad Stadium,"Manchester, UK",Festival
Kanye West,2023-09-05,Palau Sant Jordi,"Barcelona, Spain",Concert
Jay-Z,2023-07-24,Allianz Parque,"São Paulo, Brazil",Concert
Jay-Z,2023-11-10,Soldier Field,"Chicago, IL, USA",Concert
Jay-Z,2023-04-13,Ericsson Globe,"Stockholm, Sweden",Concert
Jay-Z,2023-03-03,The O2,"London, UK",Concert
Jay-Z,2023-06-30,The O2,"London, UK",Concert
Jay-Z,2023-10-19,AccorHotels Arena,"Paris, France",Concert
Jay-Z,2023-12-15,Tauron Arena,"Kraków, Poland",Concert
Jay-Z,2023-04-04,Gelora Bung Karno Stadium,"Jakarta, Indonesia",Festival
Jay-Z,2023-05-18,Ziggo Dome,"Amsterdam, Netherlands",Festival
Jay-Z,2023-04-23,Taipei Arena,"Taipei, Taiwan",Festival
Jay-Z,2023-09-07,Royal Albert Hall,"London, UK",Concert
Jay-Z,2023-01-18,Mercedes-Benz Superdome,"New Orleans, LA, USA",Concert
Jay-Z,2023-08-16,Soldier Field,"Chicago, IL, USA",Concert
Bruno Mars,2023-05-16,O2 Arena,"London, UK",Concert
Bruno Mars,2023-10-25,Etihad Stadium,"Manchester, UK",Concert
Bruno Mars,2023-02-15,Gelora Bung Karno Stadium,"Jakarta, Indonesia",Concert
Bruno Mars,2023-09-09,Sydney Opera House,"Sydney, Australia",Concert
Bruno Mars,2023-10-22,Stade de France,"Saint-Denis, France",Concert
Bruno Mars,2023-01-15,Taipei Arena,"Taipei, Taiwan",Concert
Bruno Mars,2023-06-07,Rogers Centre,"Toronto, ON, Canada",Concert
Bruno Mars,2023-03-25,Allianz Parque,"São Paulo, Brazil",Festival
Bruno Mars,2023-01-28,Wembley Stadium,"London, UK",Concert
Bruno Mars,2023-10-05,Lanxess Arena,"Cologne, Germany",Concert
The Weeknd,2023-10-15,Mercedes-Benz Superdome,"New Orleans, LA, USA",Concert
The Weeknd,2023-05-08,Hallenstadion,"Zurich, Switzerland",Festival
The Weeknd,2023-01-03,Palau Sant Jordi,"Barcelona, Spain",Concert
The Weeknd,2023-12-28,The SSE Hydro,"Glasgow, UK",Concert
The Weeknd,2023-05-11,Wembley Stadium,"London, UK",Concert
The Weeknd,2023-08-08,Hollywood Bowl,"Los Angeles, CA, USA",Concert
The Weeknd,2023-06-26,Royal Albert Hall,"London, UK",Concert
The Weeknd,2023-02-12,Gelora Bung Karno Stadium,"Jakarta, Indonesia",Concert
The Weeknd,2023-08-25,Soldier Field,"Chicago, IL, USA",Concert
The Weeknd,2023-06-26,Soldier Field,"Chicago, IL, USA",Concert
Katy Perry,2023-02-07,The SSE Hydro,"Glasgow, UK",Festival
Katy Perry,2023-08-07,Budokan,"Tokyo, Japan",Concert
Katy Perry,2023-04-26,Rogers Centre,"Toronto, ON, Canada",Concert
Lady Gaga,2023-05-04,Hollywood Bowl,"Los Angeles, CA, USA",Concert
Lady Gaga,2023-08-06,Gelora Bung Karno Stadium,"Jakarta, Indonesia",Concert
Lady Gaga,2023-03-09,Wembley Stadium,"London, UK",Concert
Lady Gaga,2023-09-03,Mercedes-Benz Superdome,"New Orleans, LA, USA",Concert
Lady Gaga,2023-08-26,Maracanã Stadium,"Rio de Janeiro, Brazil",Concert
Lady Gaga,2023-02-15,Tokyo Dome,"Tokyo, Japan",Concert
Lady Gaga,2023-09-22,Ericsson Globe,"Stockholm, Sweden",Concert
Lady Gaga,2023-10-19,Maracanã Stadium,"Rio de Janeiro, Brazil",Concert
Lady Gaga,2023-10-11,Olympiastadion,"Berlin, Germany",Concert
Lady Gaga,2023-07-11,Hollywood Bowl,"Los Angeles, CA, USA",Concert
Lady Gaga,2023-01-09,The O2,"London, UK",Festival
Lady Gaga,2023-07-26,Foro Sol,"Mexico City, Mexico",Concert
Lady Gaga,2023-01-18,Royal Albert Hall,"London, UK",Concert
Lady Gaga,2023-06-07,Ericsson Globe,"Stockholm, Sweden",Concert
P!nk,2023-12-28,Ziggo Dome,"Amsterdam, Netherlands",Festival
P!nk,2023-01-19,Maracanã Stadium,"Rio de Janeiro, Brazil",Festival
P!nk,2023-03-16,The O2,"London, UK",Concert
P!nk,2023-01-13,Tauron Arena,"Kraków, Poland",Concert
P!nk,2023-07-12,O2 Arena,"London, UK",Concert
P!nk,2023-03-25,Lanxess Arena,"Cologne, Germany",Concert
P!nk,2023-01-01,Taipei Arena,"Taipei, Taiwan",Concert
P!nk,2023-04-23,Rod Laver Arena,"Melbourne, Australia",Concert
P!nk,2023-12-29,Hallenstadion,"Zurich, Switzerland",Concert
Maroon 5,2023-04-24,Budokan,"Tokyo, Japan",Concert
Maroon 5,2023-11-27,Gelora Bung Karno Stadium,"Jakarta, Indonesia",Festival
Maroon 5,2023-02-18,3Arena,"Dublin, Ireland",Concert
Maroon 5,2023-05-16,Tauron Arena,"Kraków, Poland",Concert
Maroon 5,2023-05-10,Tokyo Dome,"Tokyo, Japan",Festival
Maroon 5,2023-08-03,AccorHotels Arena,"Paris, France",Concert
Maroon 5,2023-08-06,Ericsson Globe,"Stockholm, Sweden",Concert
Maroon 5,2023-04-25,Allianz Parque,"São Paulo, Brazil",Concert
Maroon 5,2023-12-12,The O2,"London, UK",Festival
Maroon 5,2023-04-09,Lanxess Arena,"Cologne, Germany",Concert
Maroon 5,2023-04-10,Red Rocks Amphitheatre,"Morrison, CO, USA",Festival
